correctness,reasoning,clarity,accuracy,final_score,feedback,problem
10,10,10,10,10.0,"Bài làm của học sinh rất tốt, các bước giải quyết vấn đề đều logic, chính xác và trình bày rõ ràng. Học sinh đã áp dụng đúng định nghĩa hàm số ghép để giải quyết từng yêu cầu của bài toán.","Cho hàm số $f(x)$ được định nghĩa bởi hai công thức (hàm số ghép): $ f(x) = \begin{cases} x^2 + 1 & \text{khi } x \ge 0 \\ 2x + 1 & \text{khi } x < 0 \end{cases} $ a) Tính các giá trị $f(2)$, $f(-3)$, và $f(0)$. b) Tìm tập xác định của hàm số. c) Xét xem $y=5$ có thuộc tập giá trị của hàm số không. Nếu có, hãy tìm $x$ tương ứng."
10,10,10,10,10.0,"Bài giải rất tốt, trình bày logic, rõ ràng và chính xác từng bước. Đã nắm vững kiến thức về tập xác định của hàm số và hàm hợp.",Cho hai hàm số $f(x) = \sqrt{x-1}$ và $g(x) = x^2 + 1$. a) Tìm tập xác định của $f(x)$ và $g(x)$. b) Xác định hàm hợp $h(x) = f(g(x))$ và tìm tập xác định của $h(x)$. c) Xác định hàm hợp $k(x) = g(f(x))$ và tìm tập xác định của $k(x)$.
10,10,10,10,10.0,"Học sinh đã giải đúng tất cả các phần của bài toán. Lập luận chặt chẽ, chính xác và trình bày rõ ràng, dễ hiểu. Các bước biến đổi đều thể hiện sự hiểu biết về tính chẵn lẻ của hàm số và các tính chất của hàm số lượng giác, trị tuyệt đối, logarit.","Xét tính chẵn, lẻ của các hàm số sau: a) $f(x) = \frac{x^3 - x}{\cos(x)}$. b) $g(x) = |x+1| - |x-1|$. c) $h(x) = \ln(\frac{1-x}{1+x})$."
10,10,10,10,10.0,"Bài giải rất tốt, đầy đủ, chính xác và trình bày rõ ràng. Các bước lập luận logic và các công thức toán học được áp dụng đúng.",Cho hàm số $f(x) = \frac{2x+1}{x-3}$. a) Tìm tập xác định và tập giá trị của hàm số. b) Chứng minh hàm số là đơn ánh (một-một). c) Tìm hàm số ngược $f^{-1}(x)$ và chỉ rõ tập xác định của nó.
7,8,8,8,8.0,"Học sinh đã thực hiện đúng các bước để giải bài toán. Tuy nhiên, có một số điểm cần lưu ý về tập xác định và tập giá trị. Ở phần a), học sinh nên làm rõ hơn điều kiện $x>0$ vì đó là độ dài của hình chữ nhật. Ở phần c), học sinh đã tính đúng tập giá trị, tuy nhiên, khi xét tập xác định và tập giá trị của hàm số trong bối cảnh bài toán, việc sử dụng khoảng mở hoặc đóng cần được xem xét kỹ lưỡng hơn. Theo đáp án chuẩn, việc sử dụng khoảng mở $(0, 20)$ cho tập xác định và $(0, 100]$ cho tập giá trị là phù hợp hơn với ngữ cảnh thực tế của hình chữ nhật.",Một hình chữ nhật có chu vi là 40 cm. a) Gọi $x$ là chiều dài của hình chữ nhật. Biểu diễn chiều rộng theo $x$. Tìm điều kiện của $x$. b) Viết công thức hàm số $A(x)$ biểu diễn diện tích hình chữ nhật theo chiều dài $x$. c) Tìm tập xác định và tập giá trị của hàm số diện tích $A(x)$ trong bối cảnh bài toán.
4,6,7,6,6.0,Phần a) và c) của học sinh có sai sót. Phần a) đã rút gọn chưa đúng. Phần c) đã giải bất phương trình đúng nhưng quên trường hợp x<1. Phần b) đã tính đúng tỉ số nhưng ý nghĩa hình học chưa giải thích rõ là cát tuyến. Cần chú ý tính toán cẩn thận và trình bày đầy đủ ý nghĩa.,Cho hàm số $f(x) = x^2 - 4x + 3$. a) Tính $f(x+1)$ và rút gọn. b) Tính và rút gọn tỉ số $\frac{f(x) - f(2)}{x-2}$ với $x \neq 2$. Tỉ số này có ý nghĩa hình học là gì? c) Tìm các giá trị của $x$ để $f(x) > 0$.
10,10,10,10,10.0,"Bài làm của học sinh rất tốt, các bước lập luận rõ ràng, chính xác và kết quả tìm được đều đúng với đáp án chuẩn. Cách trình bày mạch lạc, dễ hiểu.","Tìm chu kỳ cơ sở (chu kỳ nhỏ nhất, dương) của các hàm số sau: a) $f(x) = \cos(4x)$. b) $g(x) = \tan(\frac{x}{2} + \frac{\pi}{3})$. c) $h(x) = \sin^2(x)$. Gợi ý: sử dụng công thức hạ bậc."
10,10,10,10,10.0,"Lời giải của học sinh rất đầy đủ, chính xác và mạch lạc. Các bước lập luận đều logic và tuân thủ đúng các quy tắc toán học. Cách trình bày rõ ràng, dễ hiểu giúp người đọc dễ dàng nắm bắt được ý tưởng.","Cho hàm số $f(x) = |x-2| + |x+2|$. a) Viết lại công thức của hàm số $f(x)$ dưới dạng hàm số ghép bằng cách xét dấu các biểu thức trong dấu giá trị tuyệt đối. b) Dựa vào công thức vừa tìm được, hãy xét tính chẵn, lẻ của hàm số. c) Tìm giá trị nhỏ nhất của hàm số."
10,10,10,10,10.0,"Bài giải của học sinh hoàn toàn chính xác và đầy đủ, cách trình bày rõ ràng, lập luận logic. Tất cả các phần đều được giải quyết đúng và chi tiết.",Cho hai hàm số $f(x) = x+1$ và $g(x) = \frac{1}{x}$. a) Tìm hàm hợp $h(x) = g(f(x))$. b) Dịch chuyển đồ thị hàm số $y = \frac{1}{x}$ như thế nào để được đồ thị của hàm số $y=h(x)$? c) Tìm tiệm cận đứng và tiệm cận ngang của đồ thị hàm số $y = h(x)$.
10,10,10,10,10.0,Bài giải của học sinh rất đầy đủ và chính xác. Lập luận quy nạp trong phần a) rõ ràng. Phần b) kiểm tra điều kiện rất tốt. Phần c) đã chứng minh phản ví dụ một cách hợp lý. Tất cả các phần đều được trình bày mạch lạc và chính xác về mặt toán học.,"Một hàm số $f(x)$ được gọi là hàm tuần hoàn cộng tính (additive periodic) nếu tồn tại một số $T > 0$ sao cho $f(x+T) = f(x) + f(T)$ với mọi $x \in \mathbb{R}$. a) Chứng minh rằng nếu $f$ là hàm tuần hoàn cộng tính với chu kỳ $T$, thì $f(nT) = n \cdot f(T)$ với mọi số nguyên dương $n$. b) Giả sử $f(x)=cx$ với $c$ là một hằng số. Chứng minh rằng $f(x)$ là một hàm tuần hoàn cộng tính với mọi $T>0$. c) Hàm số $g(x)=x^2$ có phải là hàm tuần hoàn cộng tính không? Tại sao?"
10,10,10,10,10.0,"Bài giải chi tiết, đầy đủ và chính xác các bước. Học sinh đã hiểu rõ yêu cầu của bài toán và trình bày một cách logic, dễ hiểu.","Mọi hàm số $f(x)$ xác định trên một miền đối xứng $D$ đều có thể được phân tích duy nhất thành tổng của một hàm chẵn và một hàm lẻ. a) Cho $f_e(x) = \frac{f(x) + f(-x)}{2}$ và $f_o(x) = \frac{f(x) - f(-x)}{2}$. Chứng minh rằng $f_e(x)$ là hàm chẵn, $f_o(x)$ là hàm lẻ và $f(x) = f_e(x) + f_o(x)$. b) Áp dụng phân tích trên cho hàm số $f(x) = e^x$. c) Hai hàm số tìm được ở câu b có tên gọi là gì?"
6,7,7,7,7.0,"Phần a) và b) của học sinh đều đúng. Tuy nhiên, ở phần c), học sinh đã tính sai tập giá trị của hàm số gốc trên miền xác định mới, dẫn đến tập xác định của hàm ngược bị sai. Cụ thể, học sinh đã nhầm tập xác định của hàm ngược là ""khoảng con I lớn nhất chứa số 4"" thay vì tập giá trị của hàm số trên khoảng I đó.","Cho hàm số $f(x) = x^2 - 6x + 11$. a) Tìm tọa độ đỉnh của parabol $y=f(x)$ và chứng minh rằng hàm số không đơn ánh trên $\mathbb{R}$. b) Tìm một khoảng con $I$ lớn nhất của $\mathbb{R}$ chứa số 4 mà trên đó $f(x)$ là hàm đơn ánh. c) Với hàm số $f(x)$ bị thu hẹp trên miền $I$ đã tìm ở câu b, hãy tìm hàm ngược $f^{-1}(x)$ và tập xác định của nó."
10,9,9,10,9.0,"Học sinh đã trả lời đúng tất cả các phần của bài toán. Lập luận cho từng phần khá rõ ràng và chính xác. Tuy nhiên, phần c) có thể chi tiết hơn về cách vẽ đồ thị để rõ ràng hơn về hình răng cưa.","Xét hàm số $f(x) = x - \lfloor x \rfloor$, trong đó $\lfloor x \rfloor$ là hàm phần nguyên của $x$ (số nguyên lớn nhất không vượt quá $x$). a) Tìm tập xác định và tập giá trị của hàm số. b) Chứng minh rằng $f(x)$ là hàm tuần hoàn. Tìm chu kỳ cơ sở $T$ của nó. c) Vẽ đồ thị của hàm số trên đoạn $[-2, 2]$."
10,10,10,10,10.0,"Bài giải của học sinh rất tốt, thực hiện đầy đủ các bước theo yêu cầu của đề bài, lập luận chặt chẽ, tính toán chính xác và trình bày rõ ràng.","Cho hàm số $f(x)$ thỏa mãn phương trình hàm: $f(x) + 2f(\frac{1}{x}) = 3x$ với mọi $x \neq 0$. a) Bằng cách thay $x$ bởi $\frac{1}{x}$, hãy tạo ra một phương trình thứ hai liên hệ giữa $f(x)$ và $f(\frac{1}{x})$. b) Giải hệ phương trình gồm phương trình ban đầu và phương trình mới tìm được để suy ra công thức tường minh cho $f(x)$. c) Tính $f(2)$ và $f(1/2)$."
10,10,10,10,10.0,"Bài giải của học sinh rất tốt, chứng minh phần a) và tìm tâm đối xứng phần b) đều chính xác và logic. Cách trình bày rõ ràng, dễ hiểu. Sử dụng gợi ý hiệu quả.","Một hàm số được gọi là đối xứng qua điểm $I(a, b)$ nếu $f(a-x) + f(a+x) = 2b$ với mọi $x$ sao cho $a-x$ và $a+x$ thuộc tập xác định. a) Chứng minh rằng hàm số $f(x) = x^3 - 6x^2 + 12x - 7$ đối xứng qua điểm $I(2, 1)$. Gợi ý: viết lại $f(x)$ theo $(x-2)$. b) Tìm tâm đối xứng của hàm số $g(x) = \frac{2x+1}{x-1}$."
10,10,10,10,10.0,"Bài giải của học sinh rất tốt, đầy đủ các bước và lập luận chặt chẽ. Học sinh đã xác định đúng tập xác định của các hàm số, rút gọn biểu thức và so sánh hai hàm số một cách chính xác. Lập luận về việc tại sao hai hàm số không bằng nhau cũng rất rõ ràng và có ví dụ minh họa.","Cho hai hàm số $f(x)=\sqrt{1-x^2}$ và $g(x)=\sin(x)$. a) Tìm tập xác định của $f(x)$, $g(x)$, $f(g(x))$ và $g(f(x))$. b) Rút gọn biểu thức của các hàm hợp $h(x) = f(g(x))$ và $k(x) = g(f(x))$. c) So sánh $k(x)$ và $x$. Chúng có bằng nhau không? Tại sao?"
10,10,10,10,10.0,"Bài giải chi tiết, đầy đủ các bước và lập luận chặt chẽ. Cách trình bày rõ ràng, dễ hiểu. Các phép biến đổi toán học chính xác.","Cho hàm số $f(x) = \ln(x + \sqrt{x^2+1})$. a) Tìm tập xác định của hàm số. b) Chứng minh rằng $f(x)$ là một hàm số lẻ. c) Tìm hàm ngược $f^{-1}(x)$. Gợi ý: đặt $y = f(x)$, biến đổi để được $e^y$, sau đó giải phương trình tìm $x$."
9,9,9,9,9.0,"Học sinh đã giải đúng hầu hết các phần của bài toán, chỉ có một vài sai sót nhỏ trong tính toán và cách diễn đạt. Cụ thể, ở phần a, có sự nhầm lẫn nhỏ trong công thức $f_2(x)$ và cách viết lại nó, nhưng kết quả cuối cùng cho $f_3(x)$ lại đúng. Phần b đã xác định đúng tập xác định, tuy nhiên cách lập luận có thể rõ ràng hơn một chút. Phần c dự đoán công thức là chính xác và lập luận về tính chu kỳ là hợp lý. Nhìn chung, đây là một bài làm tốt.",Cho hàm số $f(x) = \frac{1}{1-x}$. a) Tính các hàm hợp $f_2(x) = (f \circ f)(x) = f(f(x))$ và $f_3(x) = (f \circ f \circ f)(x) = f(f_2(x))$. b) Tìm tập xác định của $f_2(x)$ và $f_3(x)$. c) Dự đoán công thức của $f_n(x) = (f \circ f \circ ... \circ f)(x)$ (n lần).
10,10,10,10,10.0,"Bài giải của học sinh rất tốt, đi đúng hướng và có các bước lập luận rõ ràng. Các kết quả đều chính xác và trình bày mạch lạc. Cách trình bày từng bước và kiểm tra đạo hàm bậc hai là hoàn toàn chuẩn xác.",Một vật được ném lên từ mặt đất với vận tốc ban đầu $v_0 = 40$ m/s. Độ cao $h$ (tính bằng mét) của vật so với mặt đất sau $t$ giây được cho bởi hàm số $h(t) = 40t - 5t^2$. a) Tìm tập xác định của hàm số $h(t)$ trong bối cảnh thực tế của bài toán (tức là khi vật còn ở trên không). b) Tìm thời điểm vật đạt độ cao lớn nhất và tính độ cao đó. c) Tìm tập giá trị của hàm số $h(t)$ tương ứng với tập xác định đã tìm ở câu a.
9,9,8,9,9.0,"Học sinh đã làm tốt bài toán này. Các phân tích đều đúng và dẫn đến kết quả chính xác. Phần trình bày rõ ràng, tuy nhiên, có thể thêm một chút chi tiết về việc vẽ phác thảo đồ thị ở câu a để tăng độ rõ ràng.","Cho hai hàm số $f(x)=|x|$ và $g(x)=\cos(x)$. a) Vẽ phác thảo đồ thị của hai hàm số $y=f(g(x))$ và $y=g(f(x))$ trên cùng một hệ trục tọa độ. b) Hàm số $h(x) = f(g(x))$ có tuần hoàn không? Nếu có, chu kỳ cơ sở là bao nhiêu? c) Hàm số $k(x) = g(f(x))$ có phải là hàm chẵn không? Tại sao?"
10,10,9,10,10.0,"Bài giải của học sinh rất tốt, đã chứng minh đầy đủ và chính xác các ý của bài toán. Lập luận logic và rõ ràng. Có thể cải thiện thêm một chút về cách trình bày ở phần c để rõ ràng hơn nữa. Ví dụ, có thể diễn đạt rõ hơn về việc chọn dãy số hữu tỉ hội tụ về số vô tỉ.","Một hàm số $f: \mathbb{R} \to \mathbb{R}$ được gọi là thỏa mãn phương trình hàm Cauchy nếu $f(x+y) = f(x) + f(y)$ với mọi $x, y \in \mathbb{R}$. a) Chứng minh rằng $f(nx) = n f(x)$ với mọi số nguyên $n$ và mọi $x \in \mathbb{R}$. b) Từ kết quả câu a, chứng minh rằng $f(qx) = q f(x)$ với mọi số hữu tỉ $q$ và mọi $x \in \mathbb{R}$. c) Nếu thêm giả thiết $f$ liên tục tại ít nhất một điểm, có thể suy ra rằng $f(x)=cx$ với $c$ là hằng số. Hãy chứng minh điều này bằng cách chứng tỏ $f(x) = f(1) \cdot x$ với mọi $x \in \mathbb{R}$."
10,10,10,10,10.0,"Học sinh đã giải quyết tất cả các phần của bài toán một cách chính xác và đầy đủ. Lập luận rõ ràng, logic, thể hiện sự hiểu biết sâu sắc về khái niệm phép đối hợp và các tính chất liên quan.","Một hàm số $f(x)$ được gọi là một phép đối hợp (involution) nếu nó là hàm ngược của chính nó, tức là $(f \circ f)(x) = x$ với mọi $x$ trong tập xác định. a) Cho hàm $f(x) = \frac{ax+b}{cx-a}$. Tìm điều kiện của các hằng số $a, b, c$ để $f(x)$ là một phép đối hợp. b) Chứng minh rằng nếu $f(x)$ là một phép đối hợp và đơn điệu trên $\mathbb{R}$, thì $f(x)$ phải là hàm đồng nhất $f(x)=x$ hoặc là hàm $f(x)=k-x$ với $k$ là hằng số. c) Đồ thị của một phép đối hợp có tính chất hình học đặc biệt nào?"
3,3,3,3,3.0,"Lời giải của học sinh mắc nhiều lỗi sai cơ bản. Phần a) học sinh dự đoán đúng tập giá trị nhưng sai hoàn toàn về tính chẵn lẻ, cho rằng hàm số lẻ trong khi thực tế nó là hàm chẵn. Phần b) học sinh dự đoán sai chu kỳ của hàm số, cho rằng không có chu kỳ cơ sở trong khi mọi số hữu tỉ khác không đều là chu kỳ. Phần c) học sinh không đưa ra được lập luận chính xác về các điểm liên tục của hàm số.",Xét hàm Dirichlet $D(x) = \begin{cases} 1 & \text{khi } x \in \mathbb{Q} \\ 0 & \text{khi } x \in \mathbb{R} \setminus \mathbb{Q} \end{cases}$. a) Tìm tập giá trị của hàm số. Hàm số có chẵn hoặc lẻ không? b) Chứng minh rằng $D(x)$ là một hàm tuần hoàn. Một chu kỳ của nó là gì? Hàm số có chu kỳ cơ sở (chu kỳ dương nhỏ nhất) không? c) Xét hàm số $f(x) = x \cdot D(x)$. Tìm tất cả các điểm $x_0$ mà tại đó $f(x)$ liên tục (Kiến thức về giới hạn và liên tục được sử dụng).
10,10,10,10,10.0,"Bài giải chi tiết, logic, trình bày rõ ràng và đạt điểm tối đa ở tất cả các tiêu chí. Học sinh đã sử dụng đúng khái niệm đạo hàm để chứng minh tính đơn ánh, tính toán giá trị hàm ngược chính xác và lập luận chặt chẽ để tìm nghiệm của phương trình hàm.","Cho hàm số $f(x) = x^5 + x - 1$. a) Sử dụng khái niệm đạo hàm (hoặc lập luận về tính đơn điệu), chứng minh rằng $f(x)$ là hàm đơn ánh trên $\mathbb{R}$. b) Do $f$ là đơn ánh, nó có hàm ngược $f^{-1}(x)$. Không cần tìm công thức của $f^{-1}(x)$, hãy tính giá trị $f^{-1}(1)$ và $f^{-1}(-3)$. c) Chứng minh rằng phương trình $f(x) = f^{-1}(x)$ có nghiệm và nghiệm đó cũng là nghiệm của phương trình $f(x)=x$. Tìm nghiệm đó."
10,10,10,10,10.0,"Học sinh đã giải quyết tất cả các phần của bài toán một cách chính xác. Lập luận rõ ràng và mạch lạc, áp dụng đúng các định nghĩa và tính chất của hàm quasi-periodic. Cách trình bày sạch sẽ, dễ hiểu.",Một hàm số $f(x)$ xác định trên $\mathbb{R}$ được gọi là 'quasi-periodic' với hệ số $k>0$ và chu kỳ $T>0$ nếu $f(x+T) = k \cdot f(x)$ với mọi $x$. a) Cho $f(x) = a^x$. Chứng minh rằng $f(x)$ là quasi-periodic và tìm hệ số $k$ tương ứng với một chu kỳ $T$ cho trước. b) Cho $g(x) = a^x \sin(bx)$. Chứng minh $g(x)$ là quasi-periodic nếu $bT$ là một bội nguyên của $2\pi$. c) Giả sử $f(x)$ là một hàm quasi-periodic với $k=1$. Hàm số có tên gọi là gì?
8,8,8,8,8.0,"Bài làm của học sinh đã xử lý tốt các phần của bài toán. Phần a) có một chút nhầm lẫn về khoảng giá trị của c cho điểm cố định ổn định, đáp án chuẩn chỉ ra khoảng chính xác hơn là -3/4 < c < 1/4, trong khi học sinh chỉ đưa ra c <= 1/4. Tuy nhiên, lập luận và các bước tính toán ở các phần còn lại đều chính xác và rõ ràng. Phần b) phân tích đúng chu kỳ tuần hoàn. Phần c) chứng minh quy nạp và mô tả hành vi dựa trên tính chất lượng giác là rất tốt.","Cho hàm số $f_c(x) = x^2+c$, với $c$ là hằng số. Xét dãy lặp $x_{n+1} = f_c(x_n)$ với $x_0=0$. Dãy này có thể hội tụ, phân kỳ hoặc hỗn loạn tùy thuộc vào giá trị của $c$. a) Tìm các giá trị của $c$ để dãy có điểm cố định ổn định (stable fixed point), tức là tồn tại $x^*$ sao cho $f_c(x^*) = x^*$ và $|f_c'(x^*)| < 1$. b) Với $c=-1$, tính các giá trị $x_1, x_2, x_3, x_4$. Dãy này có biểu hiện gì? c) Với $c=-2$, chứng minh rằng nếu ta chọn $x_0 = 2\cos(\theta)$, thì $x_n = 2\cos(2^n \theta)$. Mô tả hành vi của dãy trong trường hợp này."
8,7,7,7,7.0,"Bài làm đã xác định đúng bậc của các hàm tổng, tích và hợp. Tuy nhiên, ở phần c, học sinh đã nhận ra rằng không thể suy ra n=m chỉ từ điều kiện f o g = g o f và đưa ra phản ví dụ đúng. Điểm trừ là ở phần trình bày lập luận cho phần c chưa rõ ràng và đôi khi có sự nhầm lẫn hoặc suy đoán chưa chắc chắn trước khi đưa ra phản ví dụ. Cần bổ sung thêm về việc so sánh hệ số cao nhất để khẳng định rõ hơn tại sao điều kiện f o g = g o f không dẫn đến n=m một cách tổng quát.","Cho hai hàm số $f(x)$ và $g(x)$ là các đa thức bậc $n$ và $m$ tương ứng, với $n,m \ge 1$. a) Xác định bậc của các hàm số $h(x) = f(x) + g(x)$ và $k(x) = f(x)g(x)$. b) Xác định bậc của hàm hợp $p(x) = (f \circ g)(x)$. c) Nếu $f \circ g = g \circ f$, điều này có ý nghĩa gì về bậc của $f$ và $g$? Chứng minh rằng nếu $n, m > 1$ thì phải có $n=m$."
10,10,10,10,10.0,"Lời giải của học sinh hoàn toàn chính xác và đầy đủ. Các bước tính toán và lập luận đều logic, bám sát định nghĩa của hàm Ackermann. Cách trình bày rõ ràng, dễ hiểu.","Hàm số Ackermann là một ví dụ về hàm tính được (computable) nhưng không phải là hàm đệ quy nguyên thủy, nổi tiếng vì tốc độ tăng trưởng cực nhanh. Một phiên bản đơn giản của nó là: $ A(m, n) = \begin{cases} n+1 & \text{nếu } m=0 \\ A(m-1, 1) & \text{nếu } m>0 \text{ và } n=0 \\ A(m-1, A(m, n-1)) & \text{nếu } m>0 \text{ và } n>0 \end{cases} $ a) Tính $A(1, 2)$. b) Tính $A(2, 1)$. c) Tìm một biểu thức tường minh cho $A(1, n)$ theo $n$."
10,10,10,10,10.0,"Bài làm trình bày rõ ràng, mạch lạc, đầy đủ các bước chứng minh cho từng phần. Lập luận logic và chính xác. Các bước biến đổi toán học đều đúng. Không có lỗi sai sót.","Một hàm số $f: \mathbb{R} \to \mathbb{R}$ được gọi là lồi (convex) nếu với mọi $x_1, x_2 \in \mathbb{R}$ và mọi $t \in [0, 1]$, bất đẳng thức sau được thỏa mãn: $f(tx_1 + (1-t)x_2) \le tf(x_1) + (1-t)f(x_2)$. a) Chứng minh rằng hàm $f(x)=ax+b$ vừa lồi vừa lõm (lõm khi bất đẳng thức đổi chiều). b) Chứng minh rằng hàm $g(x)=x^2$ là hàm lồi. c) Nếu $f$ và $g$ là hai hàm lồi và $f$ là hàm không giảm, chứng minh rằng hàm hợp $h(x) = f(g(x))$ cũng là hàm lồi."
8,9,8,8,8.0,"Bài giải của học sinh đã giải quyết tốt cả ba phần của bài toán. Phần a) và b) được chứng minh một cách logic và chính xác. Phần c) đã chỉ ra công thức tổng quát và đưa ra kết quả đúng là n!, tuy nhiên phần lập luận về cách tính trực tiếp và liên hệ với hệ số cao nhất có thể chi tiết hơn để hoàn thiện. Các bước trình bày tương đối rõ ràng và dễ hiểu.","Cho $P_n$ là tập hợp tất cả các đa thức có bậc không vượt quá $n$. Xét toán tử 'dịch chuyển' $S_a$ và toán tử 'sai phân' $\Delta_a$ trên $P_n$, định nghĩa bởi: $(S_a f)(x) = f(x+a)$ và $(\Delta_a f)(x) = f(x+a)-f(x)$. a) Chứng minh rằng nếu $f \in P_n$ thì $\Delta_a f \in P_{n-1}$ (với $n \ge 1$). b) $\Delta_a^k f$ được định nghĩa là áp dụng toán tử $\Delta_a$ liên tiếp $k$ lần. Chứng tỏ rằng $\Delta_a^{n+1} f = 0$ với mọi $f \in P_n$. c) Sử dụng khai triển Newton cho $(x+y)^n$, hãy tìm một công thức tường minh cho $(\Delta_1^n f)(x)$ khi $f(x)=x^n$."
10,10,10,10,10.0,"Bài làm của học sinh rất tốt, các bước giải quyết vấn đề đều chính xác và đầy đủ. Cách trình bày rõ ràng, dễ hiểu.",Cho một dãy số được định nghĩa bằng công thức truy hồi (cấp số cộng): $a_1 = 3$ và $a_{n+1} = a_n + 2$ với $n \ge 1$. a) Viết 5 số hạng đầu tiên của dãy. b) Tìm công thức tổng quát (số hạng thứ n) cho $a_n$. c) Dãy số này có hội tụ không? Giải thích tại sao.
10,10,10,10,10.0,"Bài giải hoàn toàn chính xác và đầy đủ. Lập luận rõ ràng, cách trình bày sạch sẽ và dễ hiểu. Các bước tính toán đều chuẩn xác. Việc sử dụng tiêu chuẩn kẹp để tìm giới hạn là hợp lý và chính xác.","Xét dãy số đan dấu $a_n = \frac{(-1)^n}{n}$. a) Liệt kê 6 số hạng đầu tiên của dãy và biểu diễn chúng trên trục số. b) Dãy số này có bị chặn không? Nếu có, hãy chỉ ra chặn trên và chặn dưới. c) Tìm giới hạn $\lim_{n \to \infty} a_n$."
10,10,10,10,10.0,"Bài giải của học sinh hoàn toàn chính xác, đầy đủ và lập luận chặt chẽ. Các bước giải đều tuân thủ theo yêu cầu của đề bài và đáp án chuẩn.","Cho dãy số $a_n = \frac{3n+1}{n}$. a) Viết lại công thức của $a_n$ bằng cách chia tử cho mẫu. b) Dựa vào công thức mới, hãy xét tính đơn điệu của dãy số (tăng hay giảm). c) Tìm giới hạn của dãy số."
10,10,10,10,10.0,"Bài giải của học sinh hoàn toàn chính xác và tuân thủ đầy đủ các bước của Nguyên lý kẹp. Cách trình bày rõ ràng, logic, đầy đủ các phần a, b, c theo yêu cầu của đề bài.","Sử dụng Nguyên lý kẹp để tìm giới hạn của dãy số $a_n = \frac{\cos(n^2)}{n+1}$. a) Tìm một chặn trên và một chặn dưới cho tử số $\cos(n^2)$. b) Dựa vào câu a, xây dựng bất đẳng thức kẹp cho $a_n$. c) Tính giới hạn của hai dãy số kẹp và suy ra giới hạn của $a_n$."
9,9,9,9,9.0,"Học sinh đã giải quyết bài toán một cách chính xác và logic. Các bước tính toán và lập luận đều đúng. Chỉ có một sai sót nhỏ trong phần tính toán giá trị $a_9$ so với đáp án chuẩn (0.162 so với 0.105), có thể do làm tròn số chưa chính xác hoặc nhầm lẫn. Tuy nhiên, nhận xét về xu hướng giảm của dãy là đúng. Các bước sau đó đều hoàn hảo.","Cho dãy số $a_n = \sqrt{n+1} - \sqrt{n}$. a) Tính các giá trị $a_1, a_4, a_9$. Nhận xét về giá trị của chúng. b) Nhân và chia với biểu thức liên hợp để tìm một biểu thức tương đương cho $a_n$. c) Dựa vào biểu thức mới, hãy tìm giới hạn của dãy số."
10,10,10,10,10.0,"Học sinh đã trả lời đúng và đầy đủ tất cả các phần của bài toán. Lập luận rõ ràng, chính xác và trình bày mạch lạc.",Cho dãy số $a_n = \frac{n!}{ (n+1)! }$. a) Hãy viết rõ định nghĩa của $(n+1)!$ theo $n!$. b) Sử dụng kết quả câu a để rút gọn biểu thức của $a_n$. c) Tìm giới hạn của dãy số.
9,9,9,9,9.0,"Bài làm của bạn rất tốt, các bước giải và kết quả đều chính xác. Có một điểm nhỏ cần lưu ý là khi viết 4 số hạng đầu tiên, quy ước phổ biến là bắt đầu từ $a_1$. Tuy nhiên, cách bạn bắt đầu từ $a_0$ cũng không sai và đã được giải thích rõ ràng. Điểm trừ rất nhỏ là không làm tròn kết quả ở phần a để dễ so sánh hơn với đáp án chuẩn, mặc dù kết quả phân số là chính xác.","Cho dãy số là một cấp số nhân: $a_n = 5 \cdot (\frac{2}{3})^n$. a) Viết 4 số hạng đầu tiên của dãy. b) Dãy số này đơn điệu tăng hay giảm? Tại sao? c) Dãy số có hội tụ không? Nếu có, giới hạn là bao nhiêu?"
10,10,10,10,10.0,"Học sinh đã giải bài toán một cách chính xác và đầy đủ. Các bước tính toán rõ ràng, lập luận chặt chẽ và trình bày mạch lạc. Phần so sánh tỉ số để xác định tính đơn điệu cũng rất tốt. Dự đoán giới hạn hợp lý và dựa trên sự hiểu biết về tốc độ tăng trưởng của hàm mũ và giai thừa.","Xét dãy số $a_n = \frac{3^n}{n!}$. a) Tính các số hạng $a_1, a_2, a_3, a_4, a_5$. b) So sánh $a_{n+1}$ và $a_n$ khi $n \ge 3$. Dãy số có đơn điệu giảm kể từ một số hạng nào đó không? c) Dự đoán giới hạn của dãy số."
10,9,9,10,9.0,Học sinh đã trả lời đúng tất cả các phần của câu hỏi. Lập luận chặt chẽ và rõ ràng. Cách giải thích giới hạn bằng định nghĩa một cách không chính thức rất tốt. Có thể thêm một chút chi tiết hơn về việc dãy hằng vừa tăng vừa giảm để đạt điểm tuyệt đối ở phần lập luận.,Cho dãy số $a_n = c$ (với $c$ là một hằng số). a) Viết 5 số hạng đầu tiên của dãy. b) Dãy số này có bị chặn không? Có đơn điệu không? c) Dùng định nghĩa giới hạn (một cách không chính thức) để giải thích tại sao $\lim_{n \to \infty} a_n = c$.
8,8,8,8,8.0,"Bạn đã trả lời đúng hầu hết các phần của bài toán. Tuy nhiên, ở phần a, bạn cần nêu rõ lý do tại sao hai dãy số phân kỳ (tiến ra vô cùng). Phần giải thích ý nghĩa của dạng vô định $\frac{\infty}{\infty}$ ở cuối bài là rất tốt.",Cho hai dãy số $a_n = n$ và $b_n = n^2$. a) Cả hai dãy số có hội tụ không? b) Xét dãy thương $c_n = \frac{a_n}{b_n}$. Tìm công thức của $c_n$ và tính giới hạn của nó. c) Xét dãy thương $d_n = \frac{b_n}{a_n}$. Tìm công thức của $d_n$ và tính giới hạn của nó. Bài toán này minh họa điều gì về dạng vô định $\frac{\infty}{\infty}$?
10,9,9,10,9.0,"Bài giải đầy đủ, lập luận chặt chẽ và chính xác. Tuy nhiên, ở câu b, việc sử dụng hàm số $f(x)$ để chứng minh $a_{n+1} > a_n$ là đúng nhưng hơi phức tạp hơn so với việc xét hiệu $a_{n+1}^2 - a_n^2$ như trong đáp án chuẩn, cách làm của đáp án chuẩn cho thấy sự suy luận trực tiếp từ công thức truy hồi và tính chất của dãy tốt hơn.","Cho dãy số $(a_n)$ được xác định bởi công thức truy hồi: $a_1 = \sqrt{6}$ và $a_{n+1} = \sqrt{6+a_n}$ với $n \ge 1$. Dãy số này hội tụ. a) Bằng quy nạp, chứng minh rằng $a_n < 3$ với mọi $n \ge 1$ (dãy bị chặn trên). b) Chứng minh rằng dãy $(a_n)$ là một dãy số tăng. c) Dựa vào Định lý đơn điệu hội tụ, dãy số có giới hạn. Hãy tìm giới hạn đó."
0,4,6,4,3.0,"Học sinh đã thực hiện đúng các bước biến đổi biểu thức ban đầu, tuy nhiên ở Bước 2, việc biến đổi số mũ chưa hoàn toàn chính xác dẫn đến kết quả sai. Cụ thể, ở dòng $a_n = \left[\left(1 + \frac{2}{n}\right)^{n/2}\right]^{6}$, biểu thức bên trong ngoặc vuông không tiến về $e^2$ mà là $e$. Việc nâng lên lũy thừa 6 là không đúng với số mũ ban đầu. Đáp án chuẩn đã làm rõ việc này bằng cách đặt biến phụ, điều này giúp quá trình biến đổi và tính toán trở nên chính xác hơn.","Sử dụng định nghĩa số e, $e = \lim_{n \to \infty} (1+\frac{1}{n})^n$, để tính giới hạn của dãy số $a_n = (\frac{n+2}{n})^{3n}$. a) Viết lại biểu thức bên trong dấu ngoặc dưới dạng $(1 + \frac{A}{B_n})$. b) Biến đổi số mũ để làm xuất hiện dạng chuẩn của số e. c) Tính giới hạn cuối cùng."
10,10,10,10,10.0,"Lời giải của học sinh hoàn toàn chính xác và tuân thủ đúng các bước giải. Việc phân tích thành phân thức đơn giản, tính tổng dạng lồng nhau và tìm giới hạn đều được thực hiện một cách rõ ràng, logic và chính xác.","Cho dãy số $(a_n)$ được định nghĩa bởi tổng $a_n = \sum_{k=1}^{n} \frac{1}{k(k+1)}$. a) Sử dụng phương pháp phân tích thành phân thức đơn giản, viết lại số hạng $\frac{1}{k(k+1)}$. b) Viết tường minh tổng $a_n$ và rút gọn (đây là một tổng 'lồng nhau' hay 'triệt tiêu' - telescoping sum). c) Tìm giới hạn của dãy $(a_n)$."
0,4,6,0,2.0,"Học sinh đã thực hiện đúng bước rút nhân tử chung ở phần a. Tuy nhiên, ở phần b, học sinh đã áp dụng sai nguyên lý kẹp. Thay vì tìm giới hạn của biểu thức còn lại là $(1 + (rac{2}{5})^n)^{rac{1}{n}}$, học sinh đã tính toán sai dẫn đến kết quả giới hạn là 2/5. Sai lầm này dẫn đến kết quả cuối cùng ở phần c cũng sai. Cần chú ý hơn đến việc áp dụng đúng các định lý và quy tắc trong quá trình giải toán.",Tìm giới hạn của dãy số $a_n = (2^n + 5^n)^{\frac{1}{n}}$. a) Rút nhân tử chung là số hạng có cơ số lớn nhất ra khỏi dấu ngoặc. b) Sử dụng Nguyên lý kẹp để đánh giá biểu thức còn lại. c) Kết hợp các kết quả để tìm giới hạn của $a_n$.
10,10,10,10,10.0,"Lời giải của học sinh hoàn toàn chính xác và đầy đủ các bước. Các phép tính được thực hiện đúng, quy trình lập luận để tìm giới hạn cũng rất chặt chẽ. Cách trình bày rõ ràng, dễ hiểu.","Xét dãy số được định nghĩa bởi $x_1 = 1$ và $x_{n+1} = \frac{1}{2}(x_n + \frac{4}{x_n})$. Dãy này được dùng trong phương pháp Newton để tìm căn bậc hai. a) Tính $x_2, x_3$. b) Giả sử dãy số hội tụ về giới hạn $L > 0$. Tìm giá trị của $L$. c) Dãy số này hội tụ về giá trị nào?"
10,9,9,9,9.0,"Học sinh đã tính đúng tất cả các giới hạn và xác định đúng dạng vô định liên quan đến phần c). Tuy nhiên, ở phần b), học sinh đã nhầm lẫn dạng vô định hoặc diễn đạt chưa rõ ràng. Phần lập luận cho phần a) và c) rất tốt, phần c) đã sử dụng đúng định nghĩa của số e. Phần trình bày rõ ràng, mạch lạc.",Cho hai dãy số $(a_n)$ và $(b_n)$ xác định bởi $a_n = 1 + \frac{1}{n}$ và $b_n = n$. a) Tìm giới hạn của $(a_n)$ và $(b_n)$. b) Tìm giới hạn của dãy tích $(c_n) = (a_n - 1)b_n$. c) Tìm giới hạn của dãy lũy thừa $(d_n) = (a_n)^{b_n}$. Bài toán này minh họa hai dạng vô định nào?
10,10,10,10,10.0,"Học sinh đã trình bày bài giải đầy đủ và chính xác, bao gồm việc tính toán các số hạng đầu của dãy, tìm giới hạn của hai dãy con chẵn và lẻ, và đưa ra kết luận đúng về sự hội tụ của dãy số. Lập luận logic và các phép tính đều chuẩn xác.",Xét dãy số có các số hạng chẵn và lẻ được cho bởi các công thức khác nhau: $ a_n = \begin{cases} \frac{n}{n+1} & \text{nếu n là số chẵn} \\ 2 - \frac{1}{n} & \text{nếu n là số lẻ} \end{cases} $ a) Viết 6 số hạng đầu của dãy. b) Tìm giới hạn của dãy con các số hạng chẵn $(a_{2k})$. c) Tìm giới hạn của dãy con các số hạng lẻ $(a_{2k-1})$. Dãy $(a_n)$ có hội tụ không?
10,10,10,10,10.0,"Lời giải của học sinh hoàn toàn chính xác và tuân thủ đầy đủ các bước của bài toán. Học sinh đã trình bày rõ ràng, logic, áp dụng đúng tiêu chuẩn tỉ số để giải quyết bài toán. Đặc biệt, phần giải thích về ý nghĩa của giới hạn tỉ số nhỏ hơn 1 là rất tốt.","Tìm giới hạn của dãy số $a_n = \frac{n^{100}}{2^n}$. a) Xét tỉ số $T = \frac{a_{n+1}}{a_n}$ và tìm giới hạn của tỉ số này khi $n \to \infty$. b) Nếu $\lim_{n \to \infty} |\frac{a_{n+1}}{a_n}| < 1$, có thể kết luận điều gì về $\lim_{n \to \infty} a_n$? c) Áp dụng kết luận trên để tìm giới hạn của dãy $(a_n)$."
10,9,9,9,9.0,"Học sinh đã trả lời đúng tất cả các phần của câu hỏi. Lập luận khá rõ ràng và chính xác. Tuy nhiên, ở phần a), các giá trị tính toán có thể cần làm tròn chính xác hơn và ở phần c), việc sử dụng định lý Stolz-Cesàro hoặc so sánh với tích phân có thể được trình bày chi tiết hơn để hoàn thiện hơn về mặt lập luận và độ chính xác toán học.","Cho dãy các trung bình nhân $a_n = (1 \cdot 2 \cdot ... \cdot n)^{\frac{1}{n}} = \sqrt[n]{n!}$. a) Viết 4 số hạng đầu của dãy. b) Cho dãy $b_n = \ln(a_n)$. Viết công thức của $b_n$ dưới dạng một tổng. c) Sử dụng định lý Stolz-Cesàro (hoặc kiến thức về tích phân), có thể chứng minh $\lim_{n \to \infty} b_n = +\infty$. Dựa vào kết quả này, hãy tìm $\lim_{n \to \infty} a_n$."
10,9,9,9,9.0,"Bài làm của bạn rất tốt và đầy đủ. Các bước tính toán và lập luận đều chính xác. Đặc biệt, việc bạn đã nhận ra và sửa lại các sai sót trong quá trình suy luận (ví dụ như giới hạn bị chặn) thể hiện sự hiểu bài sâu sắc. Điểm trừ nhỏ là ở phần c) khi giải thích sự hội tụ của dãy (b_n), cách lập luận ban đầu chưa trực tiếp lắm, nhưng bạn đã sửa lại sau đó. Nhìn chung, đây là một bài giải rất thuyết phục.","Hai người A và B chơi một trò chơi. Họ bắt đầu với hai số $(a_0, b_0)$. Ở mỗi bước, họ tạo ra một cặp số mới theo quy tắc: $a_{n+1} = \frac{a_n+b_n}{2}$ (trung bình cộng) và $b_{n+1} = \sqrt{a_n b_n}$ (trung bình nhân). Cho $a_0 = 1$ và $b_0 = 4$. a) Tính $(a_1, b_1)$ và $(a_2, b_2)$. b) Chứng minh rằng $a_n \ge b_n$ với mọi $n \ge 1$. c) Dãy $(a_n)$ đơn điệu giảm và dãy $(b_n)$ đơn điệu tăng. Cả hai dãy này hội tụ đến cùng một giới hạn. Hãy giải thích tại sao."
0,2,2,0,0.0,"Lời giải của học sinh có nhiều sai sót nghiêm trọng trong quá trình áp dụng định lý Stolz-Cesàro. Cụ thể, ở bước tính tử số của tỉ số trong định lý, học sinh đã có những nhầm lẫn và tính toán không chính xác, dẫn đến kết quả sai lệch hoàn toàn so với đáp án chuẩn. Cách trình bày cũng chưa mạch lạc, đặc biệt là ở bước phân tích tử số. Cần xem lại cách áp dụng công thức và các phép biến đổi toán học.","Cho dãy số $(x_n)$ được xác định bởi $x_n = \frac{1^p + 2^p + ... + n^p}{n^{p+1}}$ với $p$ là một số nguyên dương cho trước. a) Nhận dạng giới hạn này có dạng vô định gì. b) Định lý Stolz-Cesàro phát biểu rằng nếu dãy $(y_n)$ tăng nghiêm ngặt đến $+\infty$ và giới hạn $\lim_{n \to \infty} \frac{x_{n+1}-x_n}{y_{n+1}-y_n}$ tồn tại, thì $\lim_{n \to \infty} \frac{x_n}{y_n}$ cũng tồn tại và bằng giới hạn đó. Hãy áp dụng định lý này để tính giới hạn của dãy $(x_n)$. c) Giới hạn có phụ thuộc vào $p$ không?"
0,1,2,1,0.0,"Bài làm của học sinh sai hoàn toàn ở tất cả các phần. Phần a), học sinh tính sai các giá trị. Phần b) và c), học sinh đưa ra các điểm tụ sai, giới hạn trên và dưới sai, và kết luận về sự hội tụ của dãy cũng sai. Lập luận và cách trình bày còn rất yếu.","Xét dãy số $x_n = (1+\sin(\frac{n\pi}{2}))\frac{n-1}{n}$. a) Viết 8 số hạng đầu của dãy. b) Một điểm tụ (cluster point) của một dãy là giới hạn của một dãy con nào đó của nó. Hãy tìm tất cả các điểm tụ của dãy $(x_n)$. c) Giới hạn trên (limsup) là điểm tụ lớn nhất, và giới hạn dưới (liminf) là điểm tụ nhỏ nhất. Tìm $\limsup_{n \to \infty} x_n$ và $\liminf_{n \to \infty} x_n$. Dãy có hội tụ không?"
10,10,10,10,10.0,"Bài làm của học sinh rất tốt, trả lời đầy đủ và chính xác các yêu cầu của đề bài. Lập luận rõ ràng, mạch lạc và tuân thủ đúng định nghĩa, tính chất của dãy Cauchy cũng như các bất đẳng thức được sử dụng.","Một dãy số $(x_n)$ được gọi là dãy Cauchy nếu với mọi $\epsilon > 0$, tồn tại số tự nhiên $N$ sao cho với mọi $m, n > N$, ta có $|x_m - x_n| < \epsilon$. Cho dãy số $x_n = \sum_{k=1}^{n} \frac{\cos(k)}{k^2}$. a) Giả sử $m > n$. Viết biểu thức cho $|x_m - x_n|$. b) Sử dụng bất đẳng thức tam giác và tính chất $|\cos(k)| \le 1$, hãy tìm một chặn trên cho $|x_m - x_n|$. c) Chứng minh rằng $(x_n)$ là một dãy Cauchy. (Gợi ý: Dãy $\sum_{k=1}^n \frac{1}{k^2}$ hội tụ)."
9,9,9,9,9.0,"Lời giải của học sinh gần như hoàn hảo. Có một chút nhầm lẫn trong việc thiết lập công thức truy hồi ở câu b, nhưng học sinh đã tự sửa và sử dụng đúng công thức cho câu c. Phần trình bày rõ ràng, lập luận chặt chẽ và chính xác.","Cho dãy $I_n = \int_0^1 x^n e^x dx$. a) Chứng minh rằng $0 < I_n < \frac{e}{n+1}$. Suy ra $\lim_{n \to \infty} I_n$. b) Sử dụng phương pháp tích phân từng phần, thiết lập một công thức truy hồi giữa $I_n$ và $I_{n-1}$. c) Dựa vào công thức truy hồi, tìm giới hạn của dãy $a_n = n I_n$."
10,10,10,10,10.0,"Bài giải rất đầy đủ, chính xác và logic. Các bước được trình bày rõ ràng, dễ hiểu, từ việc tính toán các số hạng đầu đến việc tìm công thức truy hồi và giới hạn của dãy. Việc sử dụng ký hiệu toán học chuẩn xác cũng góp phần làm cho bài giải trở nên chuyên nghiệp.","Cho dãy số Fibonacci $(F_n)$ với $F_0=0, F_1=1, F_{n+2}=F_{n+1}+F_n$. Xét dãy tỉ số $x_n = \frac{F_{n+1}}{F_n}$ với $n \ge 1$. a) Viết 5 số hạng đầu của dãy $(x_n)$. b) Từ công thức định nghĩa Fibonacci, hãy tìm một công thức truy hồi cho dãy $(x_n)$. c) Giả sử dãy $(x_n)$ hội tụ đến giới hạn $\phi$. Tìm giá trị của $\phi$. Giá trị này có tên là gì?"
10,10,10,10,10.0,"Học sinh đã làm đúng tất cả các phần của bài toán, từ việc biến đổi biểu thức, xác định tổng Riemann, tính tích phân và suy ra giới hạn cuối cùng. Lập luận rõ ràng, trình bày mạch lạc và chính xác về mặt toán học.","Tìm giới hạn của dãy $x_n = \frac{\sqrt[n]{n!}}{n}$. a) Đặt $y_n = \ln(x_n)$. Biến đổi biểu thức của $y_n$ thành dạng $\frac{1}{n}\sum_{k=1}^n f(k/n)$ sau khi xấp xỉ. b) (Kiến thức nâng cao) Giới hạn của $y_n$ có thể được tìm bằng cách chuyển tổng Riemann thành tích phân. Biểu diễn $\lim y_n$ dưới dạng một tích phân xác định. c) Tính tích phân đó để tìm giới hạn của $y_n$, sau đó suy ra giới hạn của $x_n$."
10,9,9,9,9.0,"Phân tích của học sinh đã đi đúng hướng và đạt được kết quả chính xác cho từng phần của bài toán. Tuy nhiên, ở phần b), cách lập luận để suy ra $x_n < x_{n+1}$ có thể rõ ràng và chặt chẽ hơn bằng cách sử dụng trực tiếp tính đơn điệu của hàm $f_{n+1}(x)$. Phần c) đã chứng minh được hội tụ nhưng việc lý luận để loại trừ trường hợp $L<1$ và kết luận $L=1$ có thể trình bày chi tiết hơn để thể hiện sự chính xác toán học cao hơn. Tuy nhiên, nhìn chung, bài làm rất tốt.","Cho phương trình $x^n + x - 1 = 0$. a) Chứng minh rằng với mỗi $n \ge 2$, phương trình có một nghiệm thực duy nhất $x_n$ trong khoảng $(0, 1)$. b) Chứng minh rằng dãy $(x_n)$ là một dãy tăng. c) Dãy $(x_n)$ hội tụ. Tìm giới hạn của nó."
10,10,10,10,10.0,"Bài làm của học sinh hoàn toàn chính xác, lập luận chặt chẽ và trình bày rõ ràng, đáp ứng đầy đủ các yêu cầu của bài toán.","Cho dãy số được xác định bởi $x_0 > 0$ và $x_{n+1} = x_n + \frac{1}{x_n}$. a) Chứng minh rằng dãy $(x_n)$ là một dãy tăng và không bị chặn trên, do đó $\lim x_n = +\infty$. b) Xét dãy $y_n = x_n^2$. Tìm một biểu thức gần đúng cho $y_{n+1} - y_n$. c) Dựa vào kết quả câu b và định lý Stolz-Cesàro, hãy tìm giới hạn của dãy $\frac{x_n^2}{n}$."
10,10,10,10,10.0,"Lời giải của học sinh hoàn toàn chính xác, lập luận chặt chẽ và trình bày rõ ràng, đầy đủ các bước theo yêu cầu của đề bài. Học sinh đã vận dụng tốt kiến thức về tích phân, so sánh diện tích và các bất đẳng thức để chứng minh các yêu cầu.","Hằng số Euler-Mascheroni $\gamma$ được định nghĩa là giới hạn của dãy $x_n = (\sum_{k=1}^n \frac{1}{k}) - \ln(n)$. a) Cho $f(x)=1/x$. Diện tích dưới đường cong $y=f(x)$ từ $x=1$ đến $n$ là $\int_1^n \frac{1}{x}dx = \ln(n)$. Hãy so sánh tổng $\sum_{k=1}^n \frac{1}{k}$ (tổng diện tích các hình chữ nhật) với tích phân này để chứng tỏ $x_n > 0$. b) Xét $x_{n+1}-x_n$. Chứng minh rằng dãy $(x_n)$ là một dãy giảm. c) Dựa vào a) và b), hãy giải thích tại sao dãy $(x_n)$ hội tụ."
10,10,10,10,10.0,"Bài giải của học sinh hoàn toàn chính xác, lập luận chặt chẽ và trình bày rõ ràng. Học sinh đã hiểu đúng định nghĩa giới hạn một phía và điều kiện để giới hạn tại một điểm tồn tại.","Cho hàm số $f(x)$ được định nghĩa bởi hai nhánh: $ f(x) = \begin{cases} x + 1 & \text{khi } x < 2 \\ x^2 - 1 & \text{khi } x \ge 2 \end{cases} $ a) Tính giới hạn trái của $f(x)$ khi $x$ tiến đến 2, tức là $\lim_{x \to 2^-} f(x)$. b) Tính giới hạn phải của $f(x)$ khi $x$ tiến đến 2, tức là $\lim_{x \to 2^+} f(x)$. c) Dựa vào kết quả câu a và b, hãy cho biết $\lim_{x \to 2} f(x)$ có tồn tại không? Tại sao?"
10,10,10,10,10.0,"Học sinh đã thực hiện đúng và đầy đủ các bước của bài toán. Lời giải trình bày rõ ràng, logic và chính xác về mặt toán học. Đặc biệt, học sinh đã xác định đúng dạng vô định và biết cách khử dạng vô định bằng phương pháp phân tích nhân tử.",Tính giới hạn $L = \lim_{x \to 3} \frac{x^2 - 9}{x-3}$. a) Thử thay trực tiếp $x=3$ vào biểu thức. Kết quả là dạng vô định gì? b) Phân tích tử số thành nhân tử. c) Rút gọn biểu thức và tính giới hạn.
10,10,10,10,10.0,"Lời giải của học sinh rất đầy đủ và chính xác, bám sát các bước của đáp án chuẩn. Học sinh đã thực hiện đúng các phép biến đổi, tính toán giới hạn và kết luận về tiệm cận ngang một cách rõ ràng. Không có điểm nào cần chỉnh sửa.",Xét giới hạn của hàm số $f(x) = \frac{3x^2+1}{x^2-4}$ khi $x$ tiến ra vô cùng. a) Chia cả tử và mẫu cho lũy thừa bậc cao nhất của $x$ trong biểu thức. b) Tính giới hạn của các số hạng sau khi chia. c) Tìm $\lim_{x \to \infty} f(x)$ và cho biết phương trình tiệm cận ngang của đồ thị hàm số.
10,10,10,10,10.0,"Bài giải của học sinh hoàn toàn chính xác và đầy đủ các bước theo yêu cầu của đề bài. Học sinh đã vận dụng tốt nguyên lý kẹp để giải bài toán giới hạn. Trình bày rõ ràng, logic.","Sử dụng nguyên lý kẹp để tìm giới hạn $L = \lim_{x \to 0} x^2 \cos(\frac{1}{x})$. a) Tìm một bất đẳng thức chặn trên và chặn dưới cho hàm số $\cos(\frac{1}{x})$. b) Dựa vào câu a, xây dựng một bất đẳng thức kẹp cho biểu thức $x^2 \cos(\frac{1}{x})$. c) Tính giới hạn của hai hàm số kẹp và suy ra kết quả của $L$."
10,10,10,10,10.0,"Bài làm của học sinh rất tốt, đầy đủ các bước và chính xác. Học sinh đã xác định đúng dạng vô định, thực hiện phép nhân liên hợp chính xác, rút gọn và tính giới hạn đúng. Không có điểm nào cần chỉnh sửa.",Tìm giới hạn $L = \lim_{x \to 0} \frac{\sqrt{x+4}-2}{x}$. a) Cho biết dạng vô định của giới hạn này. b) Nhân cả tử và mẫu với biểu thức liên hợp của tử số. c) Rút gọn và tính giới hạn.
10,10,10,10,10.0,"Bài giải của học sinh hoàn toàn chính xác và đầy đủ. Các bước lập luận rõ ràng, logic và sử dụng đúng ký hiệu toán học. Học sinh đã hiểu rõ khái niệm giới hạn một phía và tiệm cận đứng của hàm số.","Cho hàm số $f(x) = \frac{1}{x-5}$. a) Tính giới hạn của $f(x)$ khi $x$ tiến đến 5 từ bên phải ($x \to 5^+$). b) Tính giới hạn của $f(x)$ khi $x$ tiến đến 5 từ bên trái ($x \to 5^-$). c) Đồ thị của hàm số có tiệm cận đứng không? Nếu có, đó là đường thẳng nào?"
10,10,10,10,10.0,"Lời giải của học sinh đã thực hiện đầy đủ các bước theo yêu cầu của đề bài, trình bày rõ ràng, logic và áp dụng chính xác giới hạn cơ bản đã cho để tính toán kết quả. Tất cả các phần đều được giải quyết đúng và hợp lý.",Sử dụng giới hạn cơ bản $\lim_{u \to 0} \frac{\sin(u)}{u} = 1$ để tính $L = \lim_{x \to 0} \frac{\sin(3x)}{x}$. a) Biến đổi biểu thức để làm xuất hiện dạng $\frac{\sin(u)}{u}$. b) Đặt $u=3x$. Khi $x \to 0$ thì $u$ tiến đến đâu? c) Tính giới hạn.
10,10,10,10,10.0,"Học sinh đã trả lời đúng tất cả các phần của bài toán và đưa ra lập luận hợp lý, rõ ràng. Cách trình bày và độ chính xác toán học đều rất tốt.","Cho đồ thị của một hàm số $y=f(x)$ đi qua các điểm $(1.9, 3.9)$, $(1.99, 3.99)$, $(2, 5)$, $(2.01, 4.01)$, $(2.1, 4.1)$. a) Khi $x$ tiến dần về 2 từ bên trái, giá trị của $f(x)$ tiến dần về đâu? b) Khi $x$ tiến dần về 2 từ bên phải, giá trị của $f(x)$ tiến dần về đâu? c) Dựa vào các thông tin trên, hãy ước lượng giá trị của $\lim_{x \to 2} f(x)$ và so sánh với giá trị $f(2)$."
10,10,10,10,10.0,"Học sinh đã thực hiện đúng các bước theo yêu cầu của đề bài. Lập luận rõ ràng, chính xác, trình bày mạch lạc. Kết quả cuối cùng hoàn toàn chính xác.",Tính giới hạn $L = \lim_{x \to -\infty} \frac{x+1}{\sqrt{x^2+1}}$. a) Chia cả tử và mẫu cho $x$. Chú ý rằng khi $x < 0$ thì $\sqrt{x^2}=-x$. b) Biến đổi biểu thức trong căn. c) Tính giới hạn.
10,10,10,10,10.0,"Bài làm của học sinh đã trình bày đầy đủ và chính xác các bước áp dụng quy tắc giới hạn của tổng, hiệu, tích, thương. Các phép tính đều đúng và kết quả cuối cùng trùng khớp với đáp án chuẩn. Cách trình bày rõ ràng, mạch lạc, dễ hiểu.","Xét các giới hạn sau đây và sử dụng các quy tắc cơ bản về giới hạn của tổng, hiệu, tích, thương để tính. a) $\lim_{x \to 1} (x^3 + 2x - 5)$. b) $\lim_{x \to 4} (\frac{x+5}{x-2})$. c) $\lim_{x \to 9} (\sqrt{x} \cdot (x+1))$."
10,10,10,10,10.0,"Bài làm của bạn rất tốt, đã thực hiện đầy đủ các bước và cho kết quả chính xác. Lập luận rõ ràng, logic và cách trình bày mạch lạc, dễ hiểu.","Tìm hằng số $a$ để giới hạn $L = \lim_{x \to 1} f(x)$ tồn tại, với $$ f(x) = \begin{cases} x^2 + a & \text{khi } x < 1 \\ 4x - 1 & \text{khi } x \ge 1 \end{cases} $$ a) Tính giới hạn trái $\lim_{x \to 1^-} f(x)$ theo $a$. b) Tính giới hạn phải $\lim_{x \to 1^+} f(x)$. c) Cho hai giới hạn bằng nhau và giải phương trình tìm $a$."
10,10,10,10,10.0,"Học sinh đã xác định chính xác các VCB tương đương, thực hiện phép thay thế đúng, rút gọn và tính toán giới hạn một cách chính xác. Lời giải rõ ràng, đầy đủ các bước.","Sử dụng các vô cùng bé (VCB) tương đương khi $x \to 0$ để tính giới hạn $L = \lim_{x \to 0} \frac{(e^{2x}-1)\sin(3x)}{\ln(1+x^2)}$. a) Tìm các VCB tương đương cho $e^{2x}-1$, $\sin(3x)$, và $\ln(1+x^2)$. b) Thay thế các hàm số bằng các VCB tương đương của chúng. c) Rút gọn và tính giới hạn."
10,10,10,10,10.0,"Lời giải của học sinh rất tốt, đi đúng các bước được yêu cầu và đưa ra kết quả chính xác. Các lập luận và trình bày đều rõ ràng, mạch lạc.",Tìm giới hạn $L = \lim_{x \to +\infty} (\sqrt{x^2+6x} - x)$. a) Cho biết dạng vô định của giới hạn này. b) Nhân và chia với biểu thức liên hợp. c) Chia cả tử và mẫu cho $x$ để khử dạng vô định và tính kết quả.
10,10,10,10,10.0,"Lời giải của học sinh hoàn toàn chính xác và đầy đủ các bước. Cách sử dụng VCB tương đương được áp dụng đúng và hợp lý. Trình bày rõ ràng, dễ hiểu.",Tìm giới hạn $L = \lim_{x \to 0} (\cos(x))^{\frac{1}{x^2}}$. a) Cho biết dạng vô định của giới hạn. b) Sử dụng công thức $A^B = e^{B \ln A}$ để biến đổi biểu thức. c) Tính giới hạn của số mũ bằng cách sử dụng VCB tương đương $\ln(1+u) \sim u$ và $1-\cos(x) \sim \frac{x^2}{2}$.
10,9,9,9,9.0,"Lời giải của học sinh đã sử dụng đúng phương pháp để giải bài toán. Học sinh đã phân tích mẫu số và tử số một cách chính xác. Tuy nhiên, ở phần phân tích tử số, học sinh đã áp dụng sai công thức, dẫn đến việc viết lại biểu thức chưa chính xác. Cụ thể, công thức học sinh đưa ra là: ""Tử số: $\sqrt[3]{x} - 1 = \frac{(x-1)}{(\sqrt[3]{x})^2 + \sqrt[3]{x} + 1}$ (hằng đẳng thức $a^3 - b^3 = (a-b)(a^2+ab+b^2)$)"". Công thức đúng phải là: $a-b = \frac{a^3-b^3}{a^2+ab+b^2}$. Khi áp dụng với $a = \sqrt[3]{x}$ và $b = 1$, ta có $\sqrt[3]{x} - 1 = \frac{(\sqrt[3]{x})^3 - 1^3}{(\sqrt[3]{x})^2 + \sqrt[3]{x} \cdot 1 + 1^2} = \frac{x-1}{(\sqrt[3]{x})^2 + \sqrt[3]{x} + 1}$.  Lời giải của học sinh đã áp dụng nhầm vai trò của a và b trong công thức. Tuy nhiên, may mắn là kết quả cuối cùng vẫn đúng do việc nhân và chia cho cùng một biểu thức. Cần chú ý hơn đến việc áp dụng đúng các công thức toán học.",Tính giới hạn $L = \lim_{x \to 1} \frac{\sqrt[3]{x} - 1}{x^2-1}$. a) Phân tích mẫu số thành nhân tử. b) Sử dụng hằng đẳng thức $a^3 - b^3 = (a-b)(a^2+ab+b^2)$ để khử căn ở tử số. c) Rút gọn và tính giới hạn.
10,10,10,10,10.0,"Lời giải rất tốt, phân tích đầy đủ các bước và sử dụng chính xác các công thức lượng giác cũng như giới hạn của VCB. Kết quả cuối cùng là chính xác.",Tìm giới hạn $L = \lim_{x \to 1} (1-x)\tan(\frac{\pi x}{2})$. a) Đây là dạng vô định gì? b) Đặt ẩn phụ $u = 1-x$. Biểu diễn $x$ và giới hạn theo $u$. c) Sử dụng công thức lượng giác $\tan(\frac{\pi}{2} - A) = \cot(A)$ để biến đổi và tính giới hạn.
10,10,10,10,10.0,"Lời giải của học sinh hoàn toàn chính xác, đi từ phân tích bài toán, xét giới hạn trái và phải một cách đầy đủ, lập luận chặt chẽ và đưa ra kết luận đúng đắn. Cách trình bày rõ ràng, từng bước tính toán chính xác.","Tìm giới hạn $L = \lim_{x \to 2} \frac{|x-2|}{x^2-4}$. a) Vì có giá trị tuyệt đối, ta cần xét giới hạn trái và giới hạn phải. b) Tính $\lim_{x \to 2^+} \frac{|x-2|}{x^2-4}$. c) Tính $\lim_{x \to 2^-} \frac{|x-2|}{x^2-4}$. Giới hạn $L$ có tồn tại không?"
10,10,10,10,10.0,"Lời giải của học sinh hoàn toàn chính xác, lập luận rõ ràng, trình bày mạch lạc và tuân thủ đúng các bước giải bài toán. Các đánh giá về tốc độ tăng của hàm số cũng rất chuẩn xác.",So sánh tốc độ tăng của các hàm số khi $x \to +\infty$ để tính giới hạn $L = \lim_{x \to +\infty} \frac{x^4 + 3^x}{2^x + x!}$. a) Xác định hàm số tăng nhanh nhất trong tử số. b) Xác định hàm số tăng nhanh nhất trong mẫu số. c) Chia cả tử và mẫu cho hàm số tăng nhanh nhất ở mẫu và tính giới hạn.
10,10,10,10,10.0,"Bạn đã trình bày lời giải rất đầy đủ, rõ ràng và chính xác. Các bước biến đổi, tách giới hạn và sử dụng VCB đều được thực hiện đúng đắn, dẫn đến kết quả cuối cùng là 5/2. Cách trình bày theo từng phần a, b, c của đề bài cũng rất mạch lạc.",Tính giới hạn $L = \lim_{x \to 0} \frac{1 - \cos(x)\cos(2x)}{x^2}$. a) Biến đổi biểu thức bằng cách thêm bớt số hạng $cos(x)$. b) Tách giới hạn thành tổng hai giới hạn. c) Sử dụng VCB $1-\cos(ax) \sim \frac{(ax)^2}{2}$ để tính từng giới hạn.
10,10,10,10,10.0,"Bài giải của học sinh rất tốt, các bước lập luận rõ ràng, chính xác và đầy đủ theo yêu cầu của đề bài. Học sinh đã thực hiện đúng các bước để tìm tiệm cận đứng và tiệm cận ngang, bao gồm cả việc xử lý căn bậc hai khi $x$ tiến về âm vô cùng. Đây là một bài giải xuất sắc.",Tìm các tiệm cận (đứng và ngang) của đồ thị hàm số $f(x) = \frac{\sqrt{4x^2+1}}{x-2}$. a) Tìm tiệm cận đứng bằng cách xét giới hạn khi $x$ tiến đến giá trị làm mẫu số bằng 0. b) Tìm tiệm cận ngang bằng cách xét $\lim_{x \to +\infty} f(x)$. c) Tìm tiệm cận ngang bằng cách xét $\lim_{x \to -\infty} f(x)$. Chú ý $\sqrt{x^2}=-x$ khi $x < 0$.
4,6,7,7,6.0,"Học sinh đã thực hiện đúng yêu cầu của phần a và nhận dạng được một phần đúng ở phần b. Tuy nhiên, ở phần b, việc nhận dạng hàm số cho giới hạn thứ hai chưa chính xác và phần c đã tính toán đạo hàm của hàm số thứ hai bị sai dẫn đến kết quả cuối cùng không đúng. Dự đoán ban đầu của học sinh (a+b) cũng không khớp với kết quả đúng (a).",Tìm giới hạn $L = \lim_{x \to 0} \frac{e^{ax} - \cos(bx)}{x}$ sử dụng định nghĩa đạo hàm. a) Viết lại biểu thức dưới dạng tổng/hiệu của hai phân số có cùng mẫu số $x$ bằng cách thêm bớt một hằng số thích hợp. b) Nhận dạng mỗi phân số là tỉ số của định nghĩa đạo hàm của một hàm số nào đó tại $x=0$. c) Tính đạo hàm của các hàm số đó và tìm kết quả của giới hạn.
7,8,8,7,7.0,"Lời giải của học sinh đã làm đúng phần a) và phần giới hạn khi x tiến đến dương vô cùng. Tuy nhiên, ở phần giới hạn khi x tiến đến âm vô cùng, học sinh đã có một số sai sót trong lập luận. Cụ thể, việc rút a_max^x ra và xử lý các số hạng khi x -> -infinity chưa chính xác. Đáp án chuẩn đã chỉ ra đúng là giới hạn khi x -> -infinity là a_min, điều mà lời giải của học sinh chưa đạt tới.","Cho $f(x) = (\frac{a_1^x + a_2^x + ... + a_m^x}{m})^{1/x}$, với $a_i > 0$ là các hằng số. a) Biến đổi $f(x)$ sử dụng $A = e^{\ln A}$. b) Đặt $a_{max} = \max\{a_1, ..., a_m\}$. Rút $a_{max}^x$ ra khỏi tổng trong logarit. c) Tính $\lim_{x \to +\infty} f(x)$ và $\lim_{x \to -\infty} f(x)$."
10,10,10,10,10.0,"Học sinh đã xác định đúng dạng vô định, biến đổi biểu thức về dạng $e^{g(x)}$ và tính toán giới hạn của số mũ một cách chính xác. Cách lập luận rõ ràng và mạch lạc.",Tìm giới hạn $L = \lim_{x \to 0^+} x^{\sin x}$. a) Đây là dạng vô định gì? b) Biến đổi biểu thức về dạng $e^{g(x)}$ và viết lại giới hạn. c) Tính giới hạn của $g(x)$ bằng cách biến đổi $\sin x \ln x = \frac{\sin x}{x} \cdot x \ln x$. (Biết $\lim_{x \to 0^+} x \ln x = 0$).
10,10,10,10,10.0,"Lời giải của học sinh rất chính xác và bám sát các bước trong đáp án chuẩn. Học sinh đã thực hiện đúng các bước phân tích biểu thức, tìm chặn trên cho nhân tử chứa x và cuối cùng tìm được giá trị delta phù hợp. Cách trình bày rõ ràng, logic.","Sử dụng định nghĩa giới hạn theo $\epsilon - \delta$ để chứng minh rằng $\lim_{x \to 2} (x^2+2x) = 8$. a) Với $\epsilon > 0$ cho trước, ta cần tìm $\delta > 0$ sao cho nếu $0 < |x-2| < \delta$ thì $|(x^2+2x)-8| < \epsilon$. b) Phân tích biểu thức $|(x^2+2x)-8|$ thành nhân tử. c) Tìm một chặn trên cho nhân tử chứa $x$ bằng cách giả sử $\delta \le 1$. Từ đó tìm $\delta$ theo $\epsilon$."
10,10,10,10,10.0,"Học sinh đã thực hiện đúng tất cả các bước của bài toán. Khai triển Taylor được áp dụng chính xác, việc đồng nhất hệ số để đảm bảo giới hạn hữu hạn và khác không cũng được thực hiện đúng. Học sinh cũng nhận ra rằng có vô số nghiệm cho a và b, và đã đưa ra một ví dụ cụ thể.","Tìm các hằng số $a, b$ sao cho $\lim_{x \to 0} \frac{\sqrt[3]{1+ax} - (1+bx)}{x^2} = L$ là một số hữu hạn khác 0. a) Sử dụng khai triển Taylor/Maclaurin cho $\sqrt[3]{1+u}$ đến bậc hai: $\sqrt[3]{1+u} = 1 + \frac{1}{3}u - \frac{1}{9}u^2 + o(u^2)$. b) Thay $u=ax$ vào khai triển và đặt vào biểu thức giới hạn. c) Đồng nhất hệ số của các lũy thừa của $x$ ở tử số để chúng triệt tiêu đến bậc 1, và tìm $a, b, L$."
10,10,10,10,10.0,"Lời giải hoàn toàn chính xác và tuân thủ đúng các bước được yêu cầu. Lập luận rõ ràng, trình bày mạch lạc và các phép tính đạo hàm cũng như thay số đều chính xác.","Tính giới hạn $L = \lim_{x \to 1} \frac{x^n - nx + n - 1}{(x-1)^2}$, với $n$ là số nguyên dương $\ge 2$. a) Nhận thấy đây là dạng 0/0. Áp dụng quy tắc L'Hôpital lần thứ nhất. b) Kết quả vẫn là dạng 0/0. Áp dụng quy tắc L'Hôpital lần thứ hai. c) Tính giới hạn cuối cùng."
1,3,4,2,2.0,"Lời giải của học sinh đã mắc nhiều lỗi trong quá trình khai triển Maclaurin và tính toán. Các khai triển của $\sin(\tan x)$ và $\tan(\sin x)$ không chính xác, dẫn đến kết quả sai. Đặc biệt, ở bước 2 và 3, học sinh đã bỏ qua nhiều hệ số quan trọng khi khai triển lũy thừa của $\tan x$ và $\sin x$. Phần lập luận ở bước 4 cũng không chính xác khi kết luận giới hạn bằng 0 dựa trên hai khai triển sai. Học sinh cần xem lại kỹ thuật khai triển đa thức và tính toán cẩn thận hơn.",Cho $L = \lim_{x \to 0} \frac{\sin(\tan x) - \tan(\sin x)}{x^7}$. a) Sử dụng khai triển Maclaurin của $\sin u$ và $\tan u$ đến bậc cao: $\sin u = u - u^3/6 + u^5/120 - u^7/5040...$ và $\tan u = u + u^3/3 + 2u^5/15 + 17u^7/315...$. b) Tính khai triển của $\sin(\tan x)$ và $\tan(\sin x)$ bằng cách thay thế khai triển của $u=\tan x$ và $u=\sin x$. Giữ lại các số hạng đến bậc 7. c) Trừ hai khai triển và tìm giới hạn.
10,10,10,10,10.0,"Bài giải của học sinh hoàn toàn chính xác và tuân thủ đúng quy trình tìm tiệm cận xiên. Lập luận rõ ràng, các bước tính toán chính xác và trình bày dễ hiểu.","Tìm tiệm cận xiên của đồ thị hàm số $f(x) = \frac{2x^2 - 3x + 1}{x+1}$. a) Đường thẳng $y=ax+b$ là tiệm cận xiên nếu $a = \lim_{x \to \infty} \frac{f(x)}{x}$ và $b = \lim_{x \to \infty} (f(x)-ax)$. b) Tính hệ số góc $a$. c) Sử dụng giá trị $a$ vừa tìm được, tính hệ số tự do $b$."
10,10,10,10,10.0,"Bài giải của học sinh rất tốt, đã sử dụng phương pháp tương đương một cách hiệu quả và chính xác để giải quyết các yêu cầu của bài toán. Các bước lập luận rõ ràng, logic và dễ hiểu. Các kết quả đều trùng khớp với đáp án chuẩn.",Cho hàm số $f(x)$ thỏa mãn $\lim_{x \to 0} \frac{f(x)}{x} = 2$. Tính các giới hạn sau: a) $\lim_{x \to 0} f(x)$. b) $\lim_{x \to 0} \frac{f(3x)}{x}$. c) $\lim_{x \to 0} \frac{f(x^2)}{\sin^2(x)}$.
10,10,10,10,10.0,"Học sinh đã trình bày lời giải rất tốt, đầy đủ các bước và chính xác. Các bước lập luận logic, rõ ràng và bám sát định nghĩa. Phần áp dụng cũng rất chính xác.","Cho hai hàm số $f(x)$ và $g(x)$ sao cho $\lim_{x \to a} f(x) = 0$ và $g(x)$ bị chặn trong một lân cận của $a$ (tức là tồn tại $M>0$ và $\delta>0$ sao cho $|g(x)| \le M$ với mọi $x$ thỏa mãn $0<|x-a|<\delta$). a) Sử dụng định nghĩa giới hạn $\epsilon-\delta$ để viết lại giả thiết $\lim_{x \to a} f(x) = 0$. b) Dựa vào định nghĩa, chứng minh rằng $\lim_{x \to a} f(x)g(x) = 0$. c) Áp dụng kết quả trên để tính $\lim_{x \to 0} \sin(x) \cos(\frac{1}{x^2})$."
10,10,10,10,10.0,"Bài giải của học sinh hoàn toàn chính xác, lập luận rõ ràng và đầy đủ theo định nghĩa VCB, VCL. Học sinh đã xác định đúng các hàm số thuộc các loại tương ứng và giải thích hợp lý.","Xét các hàm số sau khi $x \to 0$: $f(x) = x^2$, $g(x) = \frac{1}{x}$, $h(x) = \cos(x)$, $k(x) = \tan(x)$. a) Hàm số nào là vô cùng bé (VCB)? Tại sao? b) Hàm số nào là vô cùng lớn (VCL)? Tại sao? c) Hàm số nào không phải VCB cũng không phải VCL?"
10,9,9,10,9.0,"Học sinh đã trả lời đúng tất cả các phần của bài toán và có lập luận logic, chính xác. Tuy nhiên, ở câu a, học sinh có thể trình bày rõ hơn định nghĩa tương đương VCB trước khi tính giới hạn để phần lập luận đầy đủ hơn.",Cho hai VCB khi $x \to 0$ là $\alpha(x) = \sin(5x)$ và $\beta(x) = x$. a) Hai VCB này có tương đương không? Hãy tính $\lim_{x \to 0} \frac{\alpha(x)}{\beta(x)}$. b) Tìm một hằng số $k$ để $\alpha(x)$ tương đương với $k \cdot \beta(x)$. c) Phần chính của VCB $\alpha(x)$ là gì?
7,7,8,8,8.0,"Phần a) tính giới hạn đúng. Phần b) trả lời đúng hai VCL không tương đương nhưng chưa giải thích rõ ràng theo định nghĩa. Phần c) kết luận sai, hai VCL cùng bậc chứ không phải VCL nào có bậc cao hơn.","Xét hai VCL khi $x \to +\infty$: $f(x) = 3x^2 + 2x$ và $g(x) = x^2$. a) Tính giới hạn $\lim_{x \to +\infty} \frac{f(x)}{g(x)}$. b) Dựa vào kết quả, hai VCL này có tương đương không? c) VCL nào có bậc cao hơn?"
10,9,9,10,9.0,"Bài làm của học sinh đã trả lời đúng tất cả các yêu cầu của đề bài. Phần tính giới hạn được thực hiện chính xác. Phần so sánh bậc của VCB và giải thích cũng đúng theo định nghĩa. Chỉ có một điểm nhỏ là ở phần giải thích cho câu c), học sinh có thể diễn giải rõ hơn về ý nghĩa của việc ""tiến về 0 nhanh hơn"" để tăng thêm sự mạch lạc cho lập luận.",Cho $\alpha(x) = x^3$ và $\beta(x) = x^5$ là hai VCB khi $x \to 0$. a) Tính $\lim_{x \to 0} \frac{\alpha(x)}{\beta(x)}$. b) Tính $\lim_{x \to 0} \frac{\beta(x)}{\alpha(x)}$. c) VCB nào có bậc cao hơn? Giải thích.
10,10,10,10,10.0,"Bài giải hoàn toàn chính xác, lập luận chặt chẽ và trình bày rõ ràng. Học sinh đã vận dụng đúng định nghĩa VCB và các quy tắc tính giới hạn để giải quyết từng phần của bài toán.",Cho $\alpha(x)$ là một VCB khi $x \to a$. a) $f(x) = 5\alpha(x)$ có phải là một VCB khi $x \to a$ không? b) $g(x) = (\alpha(x))^3$ có phải là một VCB khi $x \to a$ không? c) $h(x) = \alpha(x) + 1$ có phải là một VCB khi $x \to a$ không?
10,10,10,10,10.0,"Lời giải của bạn rất chính xác và tuân thủ đầy đủ các yêu cầu của đề bài. Các bước giải thích rõ ràng, logic và sử dụng đúng quy tắc ngắt bỏ VCB bậc cao. Đặc biệt, bạn đã trả lời đúng và đầy đủ cho cả ba phần a), b) và c).","Sử dụng quy tắc ngắt bỏ VCB bậc cao để tìm phần chính và tính giới hạn $L = \lim_{x \to 0} \frac{x^2 + 3x^5}{2x^2 + x^3}$. a) Trong tử số, VCB nào có bậc thấp hơn? b) Trong mẫu số, VCB nào có bậc thấp hơn? c) Rút gọn biểu thức bằng cách chỉ giữ lại các VCB bậc thấp nhất ở tử và mẫu, sau đó tính giới hạn."
10,10,10,10,10.0,"Học sinh đã trả lời đúng tất cả các phần của bài toán và có lập luận rõ ràng, chính xác. Sử dụng khai triển Maclaurin là một phương pháp chuẩn để giải quyết bài toán về VCB tương đương. Cách trình bày từng bước rất dễ hiểu.",Cho $\alpha(x) = 1 - \cos(x)$ là một VCB khi $x \to 0$. a) Tìm VCB dạng $Ax^k$ tương đương với $\alpha(x)$. b) Bậc của VCB $\alpha(x)$ là bao nhiêu? c) VCB $\beta(x) = x$ có cùng bậc với $\alpha(x)$ không?
10,10,10,10,10.0,"Bài giải rất tốt, lập luận chặt chẽ, chính xác và trình bày rõ ràng. Học sinh đã hiểu rõ khái niệm VCB, VCL và cách so sánh bậc của chúng bằng giới hạn. Việc sử dụng quy tắc L'Hôpital hoặc giới hạn tương đương đều chính xác.",Xét các hàm số khi $x \to 1$. a) Hàm $f(x) = x-1$ là VCB hay VCL? b) Hàm $g(x) = \ln(x)$ là VCB hay VCL? c) So sánh bậc của $f(x)$ và $g(x)$ bằng cách tính $\lim_{x \to 1} \frac{g(x)}{f(x)}$.
10,9,9,10,9.0,"Bạn đã trả lời đúng tất cả các phần của câu hỏi và sử dụng đúng định nghĩa về VCB và VCL. Lập luận logic và rõ ràng. Tuy nhiên, ở phần b, bạn chỉ cần nêu rõ $f(x)$ là VCL là đủ, không cần ghi lại biểu thức. Điểm trừ nhỏ cho sự chưa tinh tế trong diễn đạt.","Cho $\alpha(x)$ là một VCB khi $x \to 0$. Xét hàm số $f(x) = \frac{1}{\alpha(x)}$. a) $f(x)$ là VCB hay VCL khi $x \to 0$? b) Nếu $\alpha(x) = x^4$, $f(x)$ là gì? c) Nếu $\beta(x)$ là một VCL khi $x \to 0$, thì $g(x) = \frac{1}{\beta(x)}$ là gì?"
10,10,10,10,10.0,"Lời giải của học sinh hoàn toàn chính xác, lập luận chặt chẽ và trình bày rõ ràng, đi đúng hướng với đáp án chuẩn.","Sắp xếp các VCB sau theo thứ tự bậc tăng dần khi $x \to 0$: $\alpha(x) = x^3$, $\beta(x) = 1-\cos(x)$, $\gamma(x) = \tan(x)$. a) Tìm bậc của mỗi VCB so với VCB cơ sở $x$. b) So sánh các bậc tìm được. c) Viết lại dãy VCB theo thứ tự bậc tăng dần."
10,10,10,10,10.0,"Lời giải của học sinh hoàn toàn chính xác và bám sát các bước yêu cầu của đề bài. Lập luận rõ ràng, mạch lạc và trình bày sạch sẽ. Đã sử dụng đúng khai triển Maclaurin và suy luận logic để tìm ra giá trị của a và bậc của VCB. Không có điểm nào cần cải thiện.","Tìm các hằng số $a$ và $b$ sao cho VCB $\alpha(x) = \cos(x) - (1+ax^2)$ là một VCB có bậc cao nhất có thể khi $x \to 0$. a) Sử dụng khai triển Maclaurin cho $\cos(x)$ đến bậc 4: $\cos(x) = 1 - \frac{x^2}{2!} + \frac{x^4}{4!} + o(x^4)$. b) Thay khai triển vào $\alpha(x)$ và nhóm các số hạng theo lũy thừa của $x$. c) Để bậc của $\alpha(x)$ cao nhất có thể, hệ số của các số hạng bậc thấp phải bằng 0. Tìm $a$ và bậc của $\alpha(x)$ sau khi đã tối ưu."
10,10,10,10,10.0,"Lời giải của học sinh hoàn toàn chính xác và đầy đủ các bước. Học sinh đã hiểu rõ bản chất của VCB tương đương và các phép toán liên quan. Việc sử dụng các giới hạn cơ bản và biến đổi lượng giác được thực hiện rất tốt. Phần c) đã giải thích rõ ràng ý nghĩa của kết quả, tránh được những ngộ nhận phổ biến về VCB tương đương.","Cho hai VCB khi $x \to 0$: $\alpha(x) = \tan(x)$ và $\beta(x) = \sin(x)$. a) Chứng tỏ $\alpha(x) \sim x$ và $\beta(x) \sim x$, do đó $\alpha(x)$ và $\beta(x)$ là hai VCB tương đương. b) Tính giới hạn $\lim_{x \to 0} \frac{\alpha(x) - \beta(x)}{x^3}$ bằng cách biến đổi lượng giác. c) Kết quả câu b cho thấy điều gì về việc trừ hai VCB tương đương?"
10,10,10,10,10.0,"Bài giải hoàn toàn chính xác, lập luận rõ ràng, logic và sử dụng đúng các kiến thức về VCB tương đương. Trình bày sạch sẽ và dễ hiểu.",Tìm bậc và phần chính của VCB $\alpha(x) = \sqrt{1+2x^2} - \cos(x)$ khi $x \to 0$. a) Tìm VCB tương đương cho $\sqrt{1+2x^2}-1$. (Sử dụng $(1+u)^a-1 \sim au$). b) Tìm VCB tương đương cho $1-\cos(x)$. c) Biến đổi $\alpha(x)$ để sử dụng các kết quả trên và xác định bậc của tổng.
10,10,10,10,10.0,"Bài giải hoàn toàn chính xác, lập luận chặt chẽ và trình bày rõ ràng. Các bước tính toán và so sánh đều đúng với các quy tắc về giới hạn và so sánh hàm số.","So sánh các VCL sau khi $x \to +\infty$: $f(x) = x^{\ln x}$, $g(x) = (\ln x)^x$, $h(x) = e^x$. a) Lấy logarit tự nhiên của mỗi hàm số: $\ln(f(x)), \ln(g(x)), \ln(h(x))$. b) So sánh bậc của các logarit vừa tìm được khi $x \to +\infty$. c) Dựa vào kết quả câu b, hãy sắp xếp $f(x), g(x), h(x)$ theo thứ tự bậc tăng dần."
10,10,10,10,10.0,"Học sinh đã thực hiện bài toán một cách chính xác và đầy đủ, sử dụng đúng các phương pháp khai triển Maclaurin và định nghĩa về hai VCB cùng bậc. Cách trình bày rõ ràng, từng bước logic. Phần dự đoán đã định hướng đúng hướng giải.",Tìm hằng số $k$ để hai VCB sau là cùng bậc khi $x \to 0$: $\alpha(x) = e^x - e^{-x}$ và $\beta(x) = \ln(1+kx)$. a) Tìm phần chính của $\alpha(x)$. b) Tìm phần chính của $\beta(x)$. c) Hai VCB cùng bậc khi giới hạn tỉ số của chúng là một hằng số khác 0. Hãy tìm $k$.
10,10,10,10,10.0,"Lời giải của học sinh rất tốt, đầy đủ các bước và sử dụng đúng các khái niệm về khai triển Maclaurin và VCB. Học sinh đã trả lời chính xác tất cả các phần của câu hỏi.",Cho $\alpha(x) = \arcsin(x) - x$. a) Sử dụng khai triển Maclaurin của $\arcsin(x) = x + \frac{x^3}{6} + o(x^3)$. b) Tìm bậc và phần chính của VCB $\alpha(x)$ khi $x \to 0$. c) So sánh bậc của $\alpha(x)$ với $\beta(x) = x^2$.
8,9,9,9,9.0,"Lời giải của học sinh đã thực hiện đúng các bước phân tích và tìm ra kết quả chính xác cho phần a và b. Tuy nhiên, ở phần c, học sinh có nhầm lẫn giữa khái niệm tiệm cận xiên (thường là đường thẳng) và đường tiệm cận parabol. Lời giải chuẩn đã làm rõ điều này, và phần chính của VCL nên là toàn bộ phần đa thức $x^2+x+1$, không chỉ là $x^2$. Đánh giá cao việc học sinh đã hiểu ý tưởng chung về hành vi của hàm số tại vô cùng.",Xét VCL $f(x) = \frac{x^3}{x-1}$ khi $x \to +\infty$. a) Thực hiện phép chia đa thức để viết $f(x)$ dưới dạng đa thức cộng với một phân thức thực sự. b) Phần chính của VCL $f(x)$ là gì? c) Tìm tiệm cận xiên của đồ thị hàm số $y=f(x)$ và so sánh nó với phần chính của VCL.
10,10,10,10,10.0,"Học sinh đã giải đúng và đầy đủ tất cả các phần của bài toán. Lập luận chặt chẽ, rõ ràng và chính xác về mặt toán học. Phần c) học sinh đã làm tốt việc phân biệt trường hợp ""luôn"" và chỉ ra ví dụ phản bác, đồng thời có ghi chú làm rõ thêm.","Cho $\alpha(x)$ là VCB khi $x \to a$ và $f(x)$ là hàm bị chặn trong một lân cận của $a$. a) Chứng minh rằng tích $g(x) = \alpha(x) f(x)$ là một VCB khi $x \to a$. b) Áp dụng, chứng minh rằng $\lim_{x \to 0} (e^x-1)\sin(\frac{1}{x}) = 0$. c) $h(x) = \alpha(x) + f(x)$ có phải luôn là hàm bị chặn không?"
0,2,4,0,0.0,"Học sinh đã xác định đúng dạng vô định và các VCB ở tử và mẫu ở phần a. Tuy nhiên, ở phần b và c, học sinh đã áp dụng sai công thức VCB tương đương, dẫn đến kết quả cuối cùng là sai.",Tìm giới hạn $L = \lim_{x \to 0} \frac{\ln(\cos(2x))}{\ln(\cos(3x))}$. a) Đây là dạng vô định 0/0. Hãy xác định các VCB ở tử và mẫu. b) Sử dụng VCB tương đương $\ln(1+u) \sim u$ và $1-\cos(u) \sim u^2/2$. c) Thay thế và tính giới hạn.
10,10,10,10,10.0,"Bài giải của học sinh rất tốt, thực hiện đầy đủ các yêu cầu của đề bài. Các bước lập luận logic, chính xác và trình bày rõ ràng. Đặc biệt, học sinh đã sử dụng đúng các khai triển Maclaurin cần thiết và xác định chính xác bậc cũng như phần chính của VCB.",Tìm bậc (so với $x$) của VCB $\alpha(x) = (1+x)^x - 1$ khi $x \to 0$. a) Biến đổi $\alpha(x)$ sử dụng $A=e^{\ln A}$. b) Sử dụng khai triển Maclaurin cho $\ln(1+x)$ và $e^u$. c) Tìm số hạng bậc thấp nhất trong khai triển của $\alpha(x)$ để xác định bậc và phần chính.
3,4,5,3,4.0,"Học sinh đã nhận định đúng hướng giải quyết bài toán là sử dụng khai triển Maclaurin và đồng nhất hệ số. Tuy nhiên, trong quá trình thực hiện, có một số sai sót về mặt toán học, đặc biệt là trong bước quy đồng và khai triển. Việc tìm ra nghiệm của phương trình bậc ba cũng gặp khó khăn, dẫn đến nghi ngờ về đề bài, trong khi đáp án chuẩn đã đưa ra cách giải quyết mạch lạc hơn bằng cách tập trung vào tử số sau khi quy đồng và nhận xét mẫu số tiến về 1. Các bước khai triển và đồng nhất hệ số của học sinh chưa đủ chính xác để tìm ra đúng các hằng số. Điểm số được đánh giá dựa trên việc học sinh nắm bắt được phương pháp giải nhưng gặp sai sót trong quá trình tính toán chi tiết.","Tìm các hằng số $A, B$ sao cho khi $x \to 0$, VCB $\alpha(x) = e^x - \frac{1+Ax}{1+Bx}$ tương đương với $Cx^3$ với $C$ là một hằng số khác 0. a) Sử dụng khai triển Maclaurin cho $e^x$ và $(1+Bx)^{-1}$ đến bậc cần thiết. b) Thay các khai triển vào biểu thức $\alpha(x)$ và quy đồng mẫu số. c) Đồng nhất các hệ số của $x$ và $x^2$ ở tử số bằng 0 để tìm $A, B$ và sau đó tìm $C$."
10,10,10,10,10.0,"Lời giải của học sinh rất đầy đủ, chính xác và logic. Các bước phân tích, khai triển và tính toán đều đúng. So sánh bậc và tính giới hạn cũng được thực hiện chuẩn xác.",Cho VCB $\alpha(x) = x - \sin(x)$ và $\beta(x) = x \ln(1+x) - x^2$ khi $x \to 0$. a) Tìm bậc và phần chính của $\alpha(x)$. b) Tìm bậc và phần chính của $\beta(x)$. c) So sánh bậc của hai VCB này và tính giới hạn $\lim_{x \to 0} \frac{\alpha(x)}{\beta(x)}$.
10,10,10,10,10.0,"Bài giải của học sinh hoàn toàn chính xác và tuân thủ đầy đủ các bước yêu cầu của đề bài. Cách trình bày rõ ràng, logic, thể hiện sự hiểu biết sâu sắc về khai triển Taylor và giới hạn. Phần dự đoán của bạn cũng rất chi tiết và hỗ trợ tốt cho việc chấm điểm.",Tìm bậc (so với $1/x$) của VCL $f(x) = (x^3+x)^{1/3} - (x^3-x)^{1/3}$ khi $x \to +\infty$. a) Rút $x^3$ ra khỏi mỗi căn thức bậc ba. b) Sử dụng khai triển $(1+u)^a = 1+au+o(u)$ cho các biểu thức còn lại. c) Rút gọn và xác định bậc.
10,10,10,10,10.0,"Học sinh đã trình bày lời giải chính xác, đầy đủ và logic cho tất cả các phần của bài toán. Các bước lập luận rõ ràng, sử dụng đúng các kiến thức về VCB tương đương và khai triển Taylor. Cách trình bày mạch lạc, dễ hiểu.","Cho $\alpha(x)$ là một VCB khi $x \to 0$ sao cho $\alpha(x) \sim Ax^k$ ($A,k>0$). Xét VCB lồng nhau $\beta(x) = \ln(1+\alpha(x))$. a) Chứng minh rằng $\beta(x)$ là VCB cùng bậc với $\alpha(x)$. b) Xét $\gamma(x) = \cos(\alpha(x))-1$. Tìm bậc và phần chính của $\gamma(x)$. c) Áp dụng, tìm bậc và phần chính của VCB $f(x) = \cos(\sin^2 x) - 1$ khi $x \to 0$."
0,4,6,4,2.0,"Học sinh đã thực hiện đúng các bước khai triển Maclaurin cho phần a). Tuy nhiên, ở phần b) và c) đã có sự nhầm lẫn trong việc áp dụng khai triển và tính toán giới hạn. Kết quả cuối cùng không chính xác.","Tìm giới hạn $L = \lim_{x \to 0} (\frac{(1+x)^{1/x}}{e})^{1/x}$. a) Đặt $f(x) = (1+x)^{1/x}$. Sử dụng khai triển Maclaurin, chứng minh rằng $f(x) = e(1 - \frac{x}{2} + \frac{11}{24}x^2 + o(x^2))$. b) Thay khai triển này vào biểu thức giới hạn. c) Sử dụng VCB tương đương $(1+u)^a-1 \sim au$ hoặc khai triển $e^u$ để tính giới hạn cuối cùng."
10,10,10,10,10.0,Học sinh đã sử dụng khai triển Maclaurin một cách chính xác để xác định bậc và phần chính của các VCB. Quá trình tính giới hạn cũng hoàn toàn đúng. Lời giải rất rõ ràng và đầy đủ.,"Cho VCB $\alpha(x) = \sinh(x) - \sin(x)$ và $\beta(x) = \cosh(x) - \cos(x)$ khi $x \to 0$. a) Sử dụng khai triển Maclaurin của các hàm hyperbolic và lượng giác để tìm bậc và phần chính của $\alpha(x)$. b) Tương tự, tìm bậc và phần chính của $\beta(x)$. c) Tính $\lim_{x \to 0} \frac{\alpha(x)}{\beta(x)}$."
10,10,10,10,10.0,"Học sinh đã thực hiện đúng tất cả các bước của bài toán, từ việc khai triển Maclaurin, thay thế, nhóm các số hạng cho đến việc tìm hằng số $a$ và bậc $k$. Lập luận chặt chẽ, trình bày rõ ràng và chính xác về mặt toán học.","Tìm hằng số $a$ và bậc $k$ của VCB $\alpha(x) = (1+ax^2)^{1/3} - \cos(x)$ sao cho $\alpha(x)$ có bậc cao hơn 2 khi $x \to 0$. a) Viết khai triển Maclaurin của $(1+ax^2)^{1/3}$ và $\cos(x)$ đến bậc 4. b) Thay vào biểu thức $\alpha(x)$ và nhóm các số hạng. c) Tìm $a$ để hệ số của $x^2$ triệt tiêu, từ đó suy ra bậc $k$ của VCB mới."
9,9,9,9,9.0,"Phân tích của học sinh khá tốt và phần lớn các kết luận đều chính xác. Tuy nhiên, cách diễn đạt về VCL và VCB trong phần a) và b) chưa thực sự rõ ràng. Cụ thể, ở câu a), học sinh khẳng định $f(x) 	o 0$ và suy ra là VCB là đúng, nhưng việc nói ""suy giảm nhanh hơn"" cần làm rõ hơn. Ở câu b), học sinh khẳng định $f(x)$ là VCL nhưng chưa tìm phần chính. Phần chính được tìm ra ở câu c) và cần được bổ sung vào câu b). Việc so sánh ở câu c) đã đúng hướng nhưng cách trình bày và ký hiệu chưa hoàn toàn chuẩn xác.","Cho $f(x) = (x^2+1)e^{-1/x}$. a) Khi $x \to 0^+$, đây có phải là một VCL không? Tìm phần chính của nó. b) Khi $x \to 0^-$, đây có phải là một VCB không? Tìm bậc và phần chính của nó. c) So sánh $f(x)$ với $g(x)=x^n$ khi $x \to 0^-$."
10,10,10,10,10.0,Bài giải học sinh thực hiện đầy đủ và chính xác các bước theo yêu cầu của đề bài. Việc sử dụng khai triển Taylor cho hàm mũ là chính xác và cách biến đổi đại số cũng rất tốt.,"Tìm giới hạn $L = \lim_{x \to +\infty} x^2(e^{1/x} - e^{1/(x+1)})$. a) Đặt $u=1/x$. Khi $x \to +\infty$, $u$ tiến đến đâu? Viết lại giới hạn theo $u$. b) Sử dụng khai triển $e^t = 1+t+t^2/2+o(t^2)$ để khai triển các số hạng trong ngoặc. c) Rút gọn và tính giới hạn."
10,10,10,10,10.0,"Bài làm của học sinh hoàn toàn chính xác và tuân thủ đúng các bước lập luận cần thiết. Các phần a, b, c đều được giải quyết đúng đắn với lập luận chặt chẽ và chính xác về mặt toán học. Cách trình bày rõ ràng, dễ hiểu.",Cho VCB $\alpha_n(x) = \sin(x) - (x - \frac{x^3}{3!} + ... + (-1)^{n-1}\frac{x^{2n-1}}{(2n-1)!})$ là phần dư của khai triển Maclaurin cho $\sin(x)$. a) Bậc của VCB $\alpha_n(x)$ khi $x \to 0$ là gì? b) Xét $\beta(x) = x \alpha_n(x)$. Bậc của VCB này là bao nhiêu? c) Tính giới hạn $\lim_{x \to 0} \frac{\alpha_n(x)}{x^{2n}}$.
10,9,9,10,9.0,"Lời giải của học sinh đã giải đúng và đầy đủ các phần của bài toán. Tuy nhiên, ở phần b) và c) có thể bổ sung thêm phần giải thích rõ ràng hơn về sự khác biệt giữa f(x) và g(x) khi tiến về 0, ngoài việc chỉ nói 'nhanh hơn'.","Xét hàm số $f(x)$ được định nghĩa bởi: $f(x) = \begin{cases} x^2 \sin(\frac{1}{x}) & \text{khi } x \neq 0 \\ 0 & \text{khi } x = 0 \end{cases}$. a) Tính giới hạn của $f(x)$ khi $x \to 0$. Gợi ý: Sử dụng Nguyên lý kẹp. b) Dựa vào kết quả câu a, hãy cho biết hàm số $f(x)$ có liên tục tại $x=0$ không? Giải thích. c) Hàm số $g(x) = x \sin(\frac{1}{x})$ (với $g(0)=0$) có liên tục tại $x=0$ không? So sánh với $f(x)$."
10,10,10,10,10.0,"Bài giải rất tốt, đầy đủ và chính xác. Các bước lập luận rõ ràng, sử dụng đúng các phương pháp toán học để giải quyết bài toán. Việc định nghĩa lại hàm số và gọi tên dạng gián đoạn cũng rất chính xác.",Cho hàm số $f(x) = \frac{\sqrt{x+3} - 2}{x-1}$. a) Tìm tập xác định của hàm số $f(x)$. Điểm $x=1$ có thuộc tập xác định không? b) Tính $\lim_{x \to 1} f(x)$. c) Hàm số $f(x)$ có một 'lỗ hổng' tại $x=1$. Hãy định nghĩa lại hàm số $f(x)$ tại $x=1$ để nó trở thành một hàm số $g(x)$ liên tục tại điểm đó. Dạng gián đoạn này gọi là gì?
10,10,10,10,10.0,"Bài làm của học sinh rất tốt, trả lời đầy đủ và chính xác các yêu cầu của đề bài. Các bước lập luận rõ ràng, sử dụng đúng định lý giá trị trung gian. Cách trình bày mạch lạc, dễ hiểu.","Sử dụng Định lý giá trị trung gian (Intermediate Value Theorem - IVT). a) Phát biểu các điều kiện cần thiết để áp dụng Định lý giá trị trung gian cho hàm $f(x)$ trên đoạn $[a, b]$. b) Chứng minh rằng phương trình $x^3 + 2x - 5 = 0$ có ít nhất một nghiệm thực trong khoảng $(1, 2)$. c) Phương trình $\cos(x) = x$ có nghiệm trong khoảng $(0, \frac{\pi}{2})$ không? Giải thích bằng IVT."
10,10,10,10,10.0,"Bài làm của học sinh rất tốt, các bước giải đều chính xác và đầy đủ. Cách lập luận rõ ràng, dễ hiểu và tuân thủ đúng các quy tắc toán học. Đặc biệt, việc xác định đúng loại gián đoạn là điểm cộng lớn.","Cho hàm số $f(x) = \frac{|x-2|}{x-2}$. a) Tìm tập xác định của $f(x)$. b) Tính giới hạn trái $\lim_{x \to 2^-} f(x)$ và giới hạn phải $\lim_{x \to 2^+} f(x)$. c) Dựa vào kết quả câu b, hàm số có liên tục tại $x=2$ không? Nếu không, đây là loại gián đoạn gì?"
7,8,8,8,8.0,"Học sinh đã hiểu đúng các khái niệm về tính liên tục của hàm số tại một điểm và đã thiết lập đúng các điều kiện cần thiết. Tuy nhiên, ở phần c, học sinh đã giải sai hệ phương trình dẫn đến kết quả cuối cùng không chính xác. Cần kiểm tra lại các bước giải phương trình.",Tìm các hằng số $a$ và $b$ để hàm số sau liên tục trên toàn bộ tập số thực R. $f(x) = \begin{cases} 2x+1 & \text{khi } x < 0 \\ a\cos(x) + b & \text{khi } 0 \le x \le \pi \\ \sin(x) - 3 & \text{khi } x > \pi \end{cases}$ a) Viết điều kiện để hàm số liên tục tại $x=0$. b) Viết điều kiện để hàm số liên tục tại $x=\pi$. c) Giải hệ phương trình tìm $a$ và $b$.
10,9,9,9,9.0,"Học sinh đã giải đúng tất cả các phần của bài toán. Phần lập luận về tính liên tục của hàm hợp và điểm gián đoạn đã chính xác. Tuy nhiên, trong phần c, học sinh có thể làm rõ hơn về cách xác định loại điểm gián đoạn (loại 2) dựa trên giới hạn vô cùng.",Xét tính liên tục của hàm hợp. Cho hai hàm số $f(x) = \frac{1}{x-1}$ và $g(x) = x^2+1$. a) Tìm điểm gián đoạn của $f(x)$ và $g(x)$. b) Xác định hàm hợp $h(x) = g(f(x))$ và tìm tập xác định của nó. c) Hàm $h(x)$ gián đoạn tại đâu? Giải thích.
0,0,0,0,0.0,"Học sinh đã không cung cấp bất kỳ lời giải nào, chỉ đưa ra một dự đoán không liên quan. Do đó, không thể đánh giá dựa trên các tiêu chí đã cho.","Hàm số phần nguyên $f(x) = [x]$ (greatest integer function) được định nghĩa là số nguyên lớn nhất không vượt quá $x$. Ví dụ: $[3.14]=3, [5]=5, [-1.5]=-2$. a) Vẽ (hoặc mô tả) đồ thị của hàm số $f(x)=[x]$ trên đoạn $[-2, 3]$. b) Tại các điểm $x=1.5$ và $x=2$, hàm số có liên tục không? Tính giới hạn trái, giới hạn phải tại các điểm đó. c) Đưa ra kết luận tổng quát về các điểm gián đoạn của hàm $f(x)=[x]$."
10,10,10,10,10.0,"Lời giải hoàn toàn chính xác và đầy đủ các bước. Học sinh đã hiểu rõ khái niệm về tập xác định, tính liên tục trên khoảng mở và đoạn đóng, cũng như cách kiểm tra các điều kiện liên tục tại biên của đoạn.","Xét tính liên tục trên một đoạn. Cho hàm số $f(x) = \sqrt{4-x^2}$. a) Tìm tập xác định của hàm số $f(x)$. Đây là một đoạn đóng hay mở b) Hàm số có liên tục trong khoảng $(-2, 2)$ không? Vì sao? c) Để nói hàm số liên tục trên tập xác định của nó, ta cần kiểm tra thêm điều gì? Hãy thực hiện việc kiểm tra đó."
10,10,10,10,10.0,"Bài làm hoàn toàn chính xác, lập luận chặt chẽ và trình bày rõ ràng, đạt điểm tối đa.","Cho hàm số $f(x) = e^x$ và $g(x) = \begin{cases} 1 & \text{khi } x > 0 \\ -1 & \text{khi } x \le 0 \end{cases}$. a) Hàm $f(x)$ và $g(x)$ có những điểm gián đoạn nào? b) Xét hàm hợp $h(x) = f(g(x))$. Hãy viết biểu thức của $h(x)$ dưới dạng hàm piecewise (hàm cho bởi nhiều công thức). c) Dựa vào biểu thức của $h(x)$ ở câu b, hàm số này có liên tục tại $x=0$ không? Giải thích."
10,10,10,10,10.0,"Lời giải của học sinh hoàn toàn chính xác và đầy đủ, trình bày rõ ràng, lập luận logic, tuân thủ các khái niệm giải tích liên quan.","Một vật thể di chuyển theo phương trình $s(t)$, trong đó $s$ là quãng đường (mét) và $t$ là thời gian (giây). Phương trình được cho bởi: $s(t) = \begin{cases} t^2 & \text{khi } 0 \le t \le 2 \\ at+b & \text{khi } t > 2 \end{cases}$. a) Để quãng đường không bị 'nhảy' một cách đột ngột tại thời điểm $t=2$, mối quan hệ giữa $a$ và $b$ phải là gì? Điều này tương ứng với khái niệm nào trong giải tích? b) Vận tốc tức thời được cho bởi đạo hàm $v(t) = s'(t)$. Giả sử vật chuyển động 'trơn tru', tức là vận tốc không thay đổi đột ngột tại $t=2$. Hãy tính vận tốc tại $t=2$ từ hai phía và tìm ra giá trị của $a$. c) Từ các kết quả trên, hãy tìm $a$ và $b$ để cả quãng đường và vận tốc đều liên tục tại $t=2$."
10,10,10,10,10.0,"Học sinh đã trả lời đúng tất cả các phần của câu hỏi và trình bày lập luận một cách rõ ràng, chính xác. Các bước đi đều logic và tuân theo yêu cầu của đề bài.","Chứng minh sự tồn tại của điểm bất động (Fixed Point). Một điểm $c$ được gọi là điểm bất động của hàm $f(x)$ nếu $f(c)=c$. a) Cho hàm số $f(x)$ liên tục trên đoạn $[0, 1]$ và giá trị của hàm số cũng nằm trong đoạn này, tức là $f: [0, 1] \to [0, 1]$. Hãy định nghĩa một hàm phụ $g(x) = f(x) - x$. Hàm $g(x)$ có liên tục trên $[0, 1]$ không? b) Tính $g(0)$ và $g(1)$. Hãy nhận xét về dấu của chúng (hoặc giá trị có thể có). c) Áp dụng Định lý giá trị trung gian (IVT) cho hàm $g(x)$, hãy chứng minh rằng luôn tồn tại ít nhất một điểm bất động $c \in [0, 1]$ của hàm $f(x)$."
0,0,0,0,0.0,"Học sinh đã đưa ra một dự đoán sai và không có lời giải chi tiết. Đáp án chuẩn đã giải thích rõ ràng các bước để xác định dạng vô định, áp dụng quy tắc L'Hôpital hai lần và cuối cùng là tìm giá trị của a dựa trên điều kiện liên tục của hàm số. Cần thực hiện các bước tính toán chính xác và trình bày rõ ràng.","Tìm giá trị của tham số $a$ để hàm số sau liên tục tại $x=0$, sử dụng các quy tắc nâng cao để tính giới hạn. $f(x) = \begin{cases} \frac{e^{ax} - \cos(2x) - ax}{x^2} & \text{khi } x \neq 0 \\ 3 & \text{khi } x = 0 \end{cases}$ a) Xác định dạng vô định của giới hạn $\lim_{x \to 0} f(x)$. b) Sử dụng quy tắc L'Hôpital hai lần để tính giới hạn này theo tham số $a$. c) Dựa vào điều kiện liên tục, tìm giá trị của $a$."
10,10,10,10,10.0,"Bài làm của học sinh hoàn toàn chính xác và đầy đủ. Cách trình bày rõ ràng, lập luận chặt chẽ, sử dụng đúng các khái niệm về giới hạn và tính liên tục của hàm số. Đặc biệt, phần gợi ý ở câu a) và cách sử dụng Nguyên lý kẹp ở câu b) đều được học sinh vận dụng hiệu quả.",Xét một hàm số kỳ lạ: $f(x) = \begin{cases} x & \text{nếu } x \in \mathbb{Q} \text{ (số hữu tỉ)} \\ 0 & \text{nếu } x \in \mathbb{I} \text{ (số vô tỉ)} \end{cases}$. a) Xét tính liên tục của $f(x)$ tại $x=1$. Gợi ý: Tìm một dãy số vô tỉ hội tụ về 1 và một dãy số hữu tỉ hội tụ về 1. b) Xét tính liên tục của $f(x)$ tại $x=0$ bằng định nghĩa giới hạn (sử dụng Nguyên lý kẹp). c) Kết luận về tập hợp các điểm mà tại đó $f(x)$ liên tục.
10,10,10,10,10.0,"Bài giải của học sinh đã bám sát yêu cầu của đề bài, lập luận chặt chẽ và chính xác. Học sinh đã áp dụng đúng Định lý giá trị lớn nhất và nhỏ nhất (EVT) để chứng minh, đồng thời đưa ra ví dụ minh họa rõ ràng cho phần c. Cách trình bày logic, dễ hiểu.","Sử dụng Định lý giá trị lớn nhất và nhỏ nhất (Extreme Value Theorem - EVT). Định lý phát biểu rằng một hàm số liên tục trên một đoạn đóng $[a, b]$ thì sẽ đạt được giá trị lớn nhất $M$ và giá trị nhỏ nhất $m$ trên đoạn đó. a) Cho $f(x)$ là một hàm đa thức bậc chẵn với hệ số của số hạng bậc cao nhất là dương. Chứng minh rằng $f(x)$ có một giá trị nhỏ nhất toàn cục trên $\mathbb{R}$. Gợi ý: Xét giới hạn khi $x \to \pm\infty$. b) Áp dụng cho hàm $f(x) = x^4 - 4x + 10$. Chứng minh rằng tồn tại $x_0$ sao cho $f(x_0) \le f(x)$ với mọi $x \in \mathbb{R}$. c) Đa thức bậc lẻ có luôn đạt giá trị nhỏ nhất hoặc lớn nhất toàn cục không? Giải thích."
10,10,10,10,10.0,"Lời giải của học sinh rất tốt, đầy đủ và chính xác. Học sinh đã chứng minh đồng nhất thức một cách rõ ràng qua hai trường hợp. Việc áp dụng đồng nhất thức để chứng minh tính liên tục của hàm hợp cũng được thực hiện một cách logic và chính xác, lần lượt chứng minh tính liên tục của từng thành phần trong biểu thức. Câu trả lời cho phần c cũng đầy đủ và chính xác.","Xét tính liên tục của hàm hợp $h(x) = \max\{f(x), g(x)\}$. a) Chứng minh đồng nhất thức sau: $\max\{a, b\} = \frac{1}{2}(a+b + |a-b|)$. b) Cho hai hàm số $f(x)$ và $g(x)$ cùng liên tục trên $\mathbb{R}$. Sử dụng đồng nhất thức ở câu a, hãy chứng minh rằng hàm số $h(x) = \max\{f(x), g(x)\}$ cũng liên tục trên $\mathbb{R}$. c) Tương tự, hàm $k(x) = \min\{f(x), g(x)\}$ có liên tục không? Viết biểu thức tương tự cho $\min\{a, b\}$."
10,10,10,10,10.0,"Bài làm rất tốt, đầy đủ, chính xác và lập luận chặt chẽ. Đáp án chuẩn xác và việc áp dụng Định lý giá trị trung gian rất phù hợp.","Bài toán IVT trên đường tròn. Giả sử nhiệt độ trên đường xích đạo của Trái Đất là một hàm liên tục theo vị trí. a) Gọi $T(\theta)$ là hàm nhiệt độ tại điểm có kinh độ $\theta$, với $\theta \in [0, 2\pi]$. Giả sử $T$ là hàm liên tục và $T(0) = T(2\pi)$ (quay đủ một vòng thì trở về điểm xuất phát). Mục tiêu là chứng minh có hai điểm đối diện nhau trên xích đạo có cùng nhiệt độ. b) Định nghĩa hàm số $g(\theta) = T(\theta) - T(\theta + \pi)$ trên đoạn $[0, \pi]$. Hàm $g(\theta)$ có liên tục không? Tại sao? c) Tính $g(0)$ và $g(\pi)$. So sánh chúng và dùng Định lý giá trị trung gian để hoàn thành chứng minh."
10,10,10,10,10.0,"Lời giải của học sinh rất chi tiết, bám sát các bước của bài toán và hoàn toàn khớp với đáp án chuẩn. Các lập luận logic, rõ ràng và chính xác về mặt toán học. Cách trình bày mạch lạc, dễ theo dõi.","Tính liên tục và phương trình hàm Cauchy. Xét một hàm số $f: \mathbb{R} \to \mathbb{R}$ thỏa mãn phương trình hàm $f(x+y) = f(x) + f(y)$ với mọi $x, y \in \mathbb{R}$. a) Cho $x=y=0$, hãy tìm $f(0)$. Cho $y=-x$, hãy chứng tỏ $f(x)$ là hàm lẻ. b) Bằng quy nạp, chứng minh rằng $f(nx) = n f(x)$ với mọi số nguyên $n$ và $x \in \mathbb{R}$. Từ đó suy ra $f(q) = q \cdot f(1)$ với mọi số hữu tỉ $q$. c) Giả sử thêm rằng $f(x)$ liên tục tại một điểm duy nhất là $x=0$. Hãy chứng minh $f(x) = cx$ với mọi $x \in \mathbb{R}$, trong đó $c=f(1)$. Gợi ý: Với mọi số vô tỉ $x$, luôn tồn tại một dãy số hữu tỉ $q_n$ hội tụ về $x$."
10,9,9,10,9.0,"Bài làm của học sinh làm đúng và đầy đủ các phần của bài toán. Lập luận chặt chẽ và cách trình bày rõ ràng. Có một điểm nhỏ trong phần b) là dãy $y_n$ đưa ra ban đầu làm cho $g(y_n)$ dao động giữa -1 và 1, tuy nhiên, việc chọn cụ thể để giới hạn khác nhau là cần thiết để chứng minh giới hạn không tồn tại. Đáp án chuẩn đã làm tốt hơn ở điểm này. Tuy nhiên, về tổng thể, bài làm đạt điểm rất cao.","Phân loại điểm gián đoạn vô hạn và dao động. a) Xét hàm số $f(x) = \frac{1}{(x-2)^2}$. Tính giới hạn trái và phải của $f(x)$ khi $x \to 2$. Loại gián đoạn tại $x=2$ là gì? b) Xét hàm số $g(x) = \sin(\frac{1}{x-1})$ tại $x=1$. Hãy tìm hai dãy số $x_n$ và $y_n$ cùng tiến về 1 nhưng làm cho $g(x_n)$ và $g(y_n)$ tiến về hai giá trị khác nhau. c) Từ kết quả câu b, $\lim_{x \to 1} g(x)$ có tồn tại không? Loại gián đoạn này có phải là gián đoạn bước nhảy hay gián đoạn vô hạn không? Nó được gọi là gì?"
10,10,10,10,10.0,"Bài giải hoàn toàn chính xác, lập luận chặt chẽ và trình bày rõ ràng theo đúng các bước của định nghĩa liên tục và gián đoạn. Các ví dụ và cách xây dựng dãy số đều hợp lý.","Tính liên tục của hàm Thomae (Thomae's function). Xét hàm số $f: (0, 1) \to \mathbb{R}$ được định nghĩa như sau: $f(x) = \begin{cases} \frac{1}{q} & \text{nếu } x = \frac{p}{q} \text{ là số hữu tỉ tối giản } (p, q \in \mathbb{N}^*, q \ge 1) \\ 0 & \text{nếu } x \text{ là số vô tỉ} \end{cases}$. a) Tính $f(\frac{1}{2})$, $f(\frac{3}{4})$, $f(\frac{\sqrt{2}}{2})$. b) Chứng minh rằng $f(x)$ gián đoạn tại mọi điểm hữu tỉ $x_0 \in (0, 1)$. Gợi ý: Tìm một dãy số vô tỉ hội tụ về $x_0$. c) Chứng minh rằng $f(x)$ liên tục tại mọi điểm vô tỉ $x_0 \in (0, 1)$. Gợi ý: Với một $\epsilon > 0$ cho trước, chứng tỏ chỉ có hữu hạn các số hữu tỉ $\frac{p}{q}$ sao cho $\frac{1}{q} \ge \epsilon$."
10,9,9,10,9.5,"Lời giải của học sinh rất tốt, bám sát yêu cầu của đề bài và đúng với đáp án chuẩn. Tuy nhiên, ở phần b, cách chọn điểm để chứng minh $g(x)$ không liên tục đều có thể rõ ràng hơn một chút bằng cách làm tương tự như đáp án chuẩn (chọn $x = 1/n, y = 1/(n+1)$). Phần c giải thích hợp lý và đúng định lý áp dụng.","Tính liên tục đều (Uniform Continuity). Một hàm $f$ được gọi là liên tục đều trên tập $A$ nếu với mọi $\epsilon > 0$, tồn tại $\delta > 0$ sao cho với mọi $x, y \in A$, nếu $|x-y| < \delta$ thì $|f(x)-f(y)| < \epsilon$. a) Xét hàm $f(x)=x^2$ trên đoạn $[0, 2]$. Chứng minh rằng nó liên tục đều trên đoạn này. b) Xét hàm $g(x)=\frac{1}{x}$ trên khoảng $(0, 1)$. Chứng tỏ rằng nó không liên tục đều. Gợi ý: Chọn $\epsilon=1$, hãy chỉ ra rằng không có $\delta$ nào thỏa mãn. c) Một định lý quan trọng phát biểu: Nếu một hàm số liên tục trên một đoạn đóng, bị chặn $[a, b]$ thì nó liên tục đều trên đoạn đó. Dựa vào định lý này, hãy cho biết hàm nào trong hai hàm trên chắc chắn liên tục đều mà không cần chứng minh chi tiết."
10,10,10,10,10.0,"Bài giải của học sinh rất tốt, đi đúng hướng và trình bày rõ ràng các bước. Tất cả các phần a, b, c, d đều được giải quyết chính xác và có lập luận chặt chẽ. Đặc biệt, việc sử dụng Nguyên lý kẹp để chứng minh giới hạn là rất chính xác. Kết luận cuối cùng cũng rất chính xác và nêu bật được tính chất quan trọng của bài toán.","Tính liên tục của đạo hàm. Xét hàm số $f(x) = \begin{cases} x^2 \sin(\frac{1}{x}) & \text{khi } x \neq 0 \\ 0 & \text{khi } x = 0 \end{cases}$. a) Ta đã biết hàm $f(x)$ liên tục tại $x=0$. Hãy tính đạo hàm $f'(x)$ với $x \neq 0$. b) Dùng định nghĩa đạo hàm $f'(0) = \lim_{h \to 0} \frac{f(0+h) - f(0)}{h}$ để tính $f'(0)$. c) Dựa vào kết quả câu a, hãy tính $\lim_{x \to 0} f'(x)$. Giới hạn này có tồn tại không? d) Kết quả ở câu b và c cho ta kết luận gì về tính liên tục của hàm đạo hàm $f'(x)$ tại $x=0$?"
10,10,10,10,10.0,"Lời giải của bạn rất xuất sắc, bám sát yêu cầu đề bài và thể hiện sự hiểu biết sâu sắc về các định lý quan trọng của giải tích. Các bước lập luận logic, rõ ràng và chính xác.","Ảnh của một tập compact. Một định lý nền tảng của giải tích khẳng định rằng ảnh của một tập compact (đóng và bị chặn) qua một hàm liên tục cũng là một tập compact. a) Cho hàm $f$ liên tục trên đoạn $[a, b]$. Hãy phát biểu Định lý giá trị lớn nhất-nhỏ nhất (EVT) và Định lý giá trị trung gian (IVT). b) Sử dụng EVT, hãy chứng minh rằng tập giá trị (range) của $f$, ký hiệu là $f([a,b])$, là một tập bị chặn và chứa hai phần tử là infimum và supremum của nó. c) Gọi $m = \min_{x \in [a,b]} f(x)$ và $M = \max_{x \in [a,b]} f(x)$ là hai giá trị tìm được ở câu b. Sử dụng IVT, chứng minh rằng tập giá trị của $f$ chứa toàn bộ đoạn $[m, M]$. Từ đó kết luận $f([a, b]) = [m, M]$, là một đoạn đóng và bị chặn."
10,10,10,10,10.0,"Bài giải chi tiết, lập luận chặt chẽ và chính xác, đi từ các trường hợp đơn giản đến tổng quát. Các bước giải đều được trình bày rõ ràng và logic. Kết quả cuối cùng là chính xác.","Phương trình hàm mũ. Tìm tất cả các hàm số $f: \mathbb{R} \to \mathbb{R}$ liên tục tại $x=0$ và thỏa mãn $f(x+y) = f(x)f(y)$ với mọi $x, y \in \mathbb{R}$. a) Tìm $f(0)$. Suy ra rằng nếu tồn tại $x_0$ sao cho $f(x_0)=0$, thì $f(x)=0$ với mọi $x$. b) Giả sử $f(x)$ không phải là hàm hằng không. Chứng minh $f(x) > 0$ với mọi $x$. Gợi ý: $f(x) = f(x/2 + x/2)$. c) Đặt $a=f(1)$. Chứng minh rằng $f(q) = a^q$ với mọi số hữu tỉ $q$. d) Sử dụng tính liên tục của $f$ để mở rộng kết quả từ câu c cho mọi số thực $x$."
10,10,10,10,10.0,"Bài giải của học sinh hoàn toàn chính xác và đầy đủ cho cả ba phần. Lập luận chặt chẽ, trình bày rõ ràng, sử dụng đúng các định lý và định nghĩa. Việc chứng minh bất đẳng thức |f'(x)| < 1 trong câu c) là chính xác.","Tính liên tục Lipschitz. Một hàm số $f$ được gọi là liên tục Lipschitz trên tập $A$ nếu tồn tại hằng số $K > 0$ (hằng số Lipschitz) sao cho $|f(x) - f(y)| \le K|x-y|$ với mọi $x, y \in A$. a) Chứng minh rằng nếu $f$ liên tục Lipschitz trên $A$ thì $f$ liên tục đều trên $A$. b) Sử dụng Định lý giá trị trung bình (Mean Value Theorem), chứng minh rằng nếu $f$ khả vi trên $(a, b)$ và đạo hàm $f'(x)$ bị chặn, tức là $|f'(x)| \le K$ với mọi $x \in (a, b)$, thì $f$ liên tục Lipschitz trên $(a, b)$. c) Dùng kết quả câu b để chứng minh $f(x) = \sqrt{x^2+1}$ liên tục đều trên $\mathbb{R}$."
10,10,10,10,10.0,"Bài làm của học sinh rất tốt, trả lời đúng và đầy đủ các ý của đề bài. Lập luận rõ ràng, chính xác và trình bày mạch lạc. Phần giải thích về sự khác biệt giữa hội tụ điểm và hội tụ đều cũng rất chính xác.","Giới hạn của dãy hàm và tính liên tục. Xét dãy hàm $f_n(x) = x^n$ trên đoạn $[0, 1]$. a) Với mỗi $x \in [0, 1]$ cố định, hãy tính giới hạn điểm $f(x) = \lim_{n \to \infty} f_n(x)$. Viết biểu thức cho hàm $f(x)$. b) Mỗi hàm $f_n(x) = x^n$ có liên tục trên $[0, 1]$ không? c) Hàm giới hạn $f(x)$ tìm được ở câu a có liên tục trên $[0, 1]$ không? Nếu không, nó gián đoạn tại đâu? d) Kết quả này có mâu thuẫn với mệnh đề 'giới hạn của các hàm liên tục là một hàm liên tục' không? Giải thích sự khác biệt giữa hội tụ điểm (pointwise convergence) và hội tụ đều (uniform convergence)."
9,9,8,8,8.0,"Lời giải của học sinh đã đi đúng hướng và giải quyết được các yêu cầu của bài toán. Học sinh đã hiểu và áp dụng đúng định nghĩa hàm lồi để chứng minh các phần a, b, và c. Tuy nhiên, ở phần a, cách diễn đạt để chứng minh bị chặn trên chưa hoàn toàn chặt chẽ và dễ hiểu. Phần c, mặc dù có phác thảo đúng ý tưởng, nhưng việc sử dụng ""nguyên lý kẹp"" và các bước biến đổi đại số chi tiết để kết nối với tính bị chặn trên cần được làm rõ hơn để đảm bảo tính chính xác toán học.","Tính liên tục và tính lồi. Một hàm số $f$ được gọi là lồi (convex) trên khoảng $(a,b)$ nếu với mọi $x, y \in (a,b)$ và mọi $t \in [0, 1]$, ta có $f(tx + (1-t)y) \le tf(x) + (1-t)f(y)$. a) Cho $f$ là một hàm lồi trên $(a,b)$. Lấy $x_0 \in (a,b)$ và chọn $\delta > 0$ đủ nhỏ sao cho $[x_0-\delta, x_0+\delta] \subset (a,b)$. Chứng minh rằng $f(x)$ bị chặn trên trong lân cận $(x_0-\delta, x_0+\delta)$. Gợi ý: biểu diễn $x_0$ qua $x_0-\delta$ và $x_0+\delta$. b) Sử dụng tính lồi, chứng minh rằng với ba điểm $u < v < w$ trong $(a,b)$, ta có $\frac{f(v)-f(u)}{v-u} \le \frac{f(w)-f(u)}{w-u} \le \frac{f(w)-f(v)}{w-v}$. (Bất đẳng thức ba dây cung). c) Dựa vào các kết quả trên, hãy phác thảo một chứng minh rằng mọi hàm lồi trên một khoảng mở đều liên tục trên khoảng đó."
10,9,9,10,9.0,"Học sinh đã giải quyết đúng tất cả các phần của bài toán. Lập luận và trình bày rõ ràng, chính xác. Có một vài chỗ học sinh tự sửa và làm rõ hơn. Điểm trừ nhỏ ở phần lập luận câu a là học sinh có thử một vài cách chọn dãy không đúng trước khi tìm ra cách đúng, tuy nhiên điều này không ảnh hưởng đến kết quả cuối cùng và cho thấy quá trình tư duy. Có thể cải thiện thêm một chút ở phần diễn giải để mạch lạc hơn ở câu a.","Định lý Darboux (Tính chất giá trị trung gian của đạo hàm). Mặc dù đạo hàm không nhất thiết phải liên tục, nó vẫn có tính chất giá trị trung gian. a) Xét lại hàm $f(x) = x^2 \sin(1/x)$ và đạo hàm $f'(x) = 2x\sin(1/x) - \cos(1/x)$ với $f'(0)=0$. Hãy tìm một dãy $x_n \to 0$ sao cho $f'(x_n) = 1$ và một dãy $y_n \to 0$ sao cho $f'(y_n) = -1$. b) Phát biểu Định lý Darboux: Nếu $f$ khả vi trên $[a, b]$ và $k$ là một số bất kỳ giữa $f'(a)$ và $f'(b)$, thì tồn tại $c \in (a, b)$ sao cho $f'(c) = k$. c) Sử dụng kết quả câu a và Định lý Darboux, chứng minh rằng với mọi $\delta > 0$, hàm $f'(x)$ nhận mọi giá trị trong khoảng $[-1, 1]$ trên khoảng $(0, \delta)$."
10,10,10,10,10.0,"Bài giải của học sinh rất tốt, trình bày rõ ràng, lập luận chặt chẽ và chính xác. Các bước giải đều tuân thủ đúng phương pháp toán học. Phần a) tìm giới hạn L dựa trên tính liên tục của hàm số, phần b) chứng minh tính đơn điệu và bị chặn bằng quy nạp, phần c) áp dụng định lý hội tụ đơn điệu để kết luận đều được thực hiện một cách hoàn hảo.","Tính liên tục và dãy lặp. Xét hàm $f(x) = \sqrt{2+x}$ và dãy số $(x_n)$ được định nghĩa bởi $x_0 = 0$ và $x_{n+1} = f(x_n) = \sqrt{2+x_n}$ for $n \ge 0$. a) Giả sử dãy $(x_n)$ hội tụ đến một giới hạn $L$. Sử dụng tính liên tục của $f(x)$, hãy tìm giá trị của $L$. b) Bằng quy nạp, hãy chứng minh rằng dãy $(x_n)$ là dãy tăng và bị chặn trên bởi 2. c) Dựa vào Định lý hội tụ đơn điệu (một dãy tăng và bị chặn trên thì có giới hạn), hãy kết luận về sự hội tụ của dãy và xác nhận lại giá trị giới hạn tìm được ở câu a."
9,9,9,9,9.0,"Bài làm của học sinh đã nắm bắt rất tốt ý tưởng chính của bài toán. Phần a) giải thích chính xác ý nghĩa của đạo hàm đổi dấu. Phần b) nêu đúng tiêu chuẩn hội tụ đều của chuỗi Weierstrass và kết luận về tính liên tục cũng như dao động. Phần c) diễn đạt ý tưởng chồng các dao động là rất tốt. Học sinh có thể chi tiết hơn một chút về lý do vì sao đạo hàm phân kỳ dẫn đến không đơn điệu ở phần b và c, hoặc nêu rõ hơn điều kiện để hàm $h(x)$ ở phần c vẫn giữ tính liên tục. Tuy nhiên, nhìn chung bài làm rất tốt và đầy đủ.","Hàm số liên tục và không đơn điệu trên bất kỳ khoảng nào. a) Xét hàm $f(x) = x^2 \sin(1/x)$ với $f(0)=0$. Ta đã biết $f'(0)=0$ và $f'(x)$ nhận cả giá trị dương và âm trong mọi lân cận của 0. Điều này có ý nghĩa gì về tính đơn điệu của $f(x)$ xung quanh điểm $x=0$? b) Xây dựng một hàm số $g(x)$ liên tục trên $\mathbb{R}$ nhưng không đơn điệu trên bất kỳ khoảng $(a,b)$ nào. Gợi ý: Sử dụng chuỗi hàm, ví dụ $g(x) = \sum_{n=0}^{\infty} \frac{\cos(3^n x)}{2^n}$. (Kiến thức nâng cao: Chuỗi Weierstrass). c) Thay vì dùng chuỗi, hãy giải thích ý tưởng xây dựng một hàm như vậy bằng cách 'chồng' các dao động ngày càng nhỏ nhưng tần số ngày càng cao lên một hàm cơ sở, ví dụ $h(x) = x + f(x)$ với $f(x)$ là một hàm dao động phù hợp. Vì sao hàm này vẫn liên tục?"
10,9,9,10,10.0,"Học sinh đã chứng minh được các phần của bài toán một cách chính xác. Lập luận rõ ràng và logic, tuy nhiên ở phần a) có thể chi tiết hơn một chút về cách sử dụng bất đẳng thức tam giác. Phần c) kết luận đúng đắn về tính liên tục và liên tục đều dựa trên kết quả ở phần b).","Tính liên tục của hàm khoảng cách. Cho $A$ là một tập con khác rỗng của $\mathbb{R}$. Định nghĩa hàm khoảng cách từ một điểm $x$ đến tập $A$ là $f_A(x) = \inf \{ |x-a| : a \in A \}$. a) Lấy hai điểm $x, y \in \mathbb{R}$. Chứng minh rằng với mọi $a \in A$, ta có $|x-a| \le |x-y| + |y-a|$. b) Từ bất đẳng thức trên, hãy suy ra $f_A(x) \le |x-y| + f_A(y)$. Bằng cách hoán đổi vai trò của $x$ và $y$, hãy chứng minh rằng $|f_A(x) - f_A(y)| \le |x-y|$. c) Kết luận gì về tính liên tục của hàm $f_A(x)$ trên $\mathbb{R}$? Hàm này có liên tục đều không?"
8,9,9,8,8.0,"Phần a và b của học sinh làm đúng và đầy đủ. Tuy nhiên, ở phần c, học sinh đã tính sai giá trị của đạo hàm tại x=1. Theo đáp án chuẩn thì f'(1) = 2, trong khi học sinh lại tính f'(1) = 0.","Xét hàm số cho bởi hai quy tắc: $f(x) = \begin{cases} ax^2 + bx + 1 & \text{khi } x \ge 1 \\ 2x - 1 & \text{khi } x < 1 \end{cases}$. a) Tìm điều kiện của $a$ và $b$ để hàm số liên tục tại $x=1$. b) Với điều kiện tìm được ở câu a, hãy tìm $a$ và $b$ để hàm số có đạo hàm tại $x=1$. c) Viết phương trình tiếp tuyến của đồ thị hàm số tại $x=1$ với các giá trị $a, b$ vừa tìm được."
10,10,10,10,10.0,"Bài làm của học sinh rất tốt, đầy đủ các bước và logic chặt chẽ. Cách trình bày rõ ràng, dễ hiểu. Các bước tính toán và chứng minh đều chính xác. Đặc biệt, phần dự đoán công thức dựa trên quan sát các đạo hàm cấp thấp là rất hợp lý.","Cho hàm số $f(x) = e^{2x}$. a) Tính đạo hàm cấp 1, cấp 2, cấp 3 của hàm số. b) Dự đoán công thức đạo hàm cấp $n$ ($f^{(n)}(x)$) của hàm số. c) Dùng phương pháp quy nạp toán học để chứng minh công thức dự đoán ở câu b."
10,10,10,10,10.0,"Bài giải rất đầy đủ, chính xác, lập luận logic và trình bày rõ ràng. Đặc biệt, học sinh đã có những nhận xét rất tốt về sai số. Hoàn toàn đạt yêu cầu của đề bài.",Sử dụng vi phân để tính giá trị gần đúng của các biểu thức sau: a) Tính vi phân của hàm số $f(x) = \sqrt[3]{x}$ tại $x_0 = 8$. b) Áp dụng kết quả câu a để tính gần đúng $A = \sqrt[3]{8.02}$. c) So sánh giá trị gần đúng với giá trị tính bằng máy tính (làm tròn 4 chữ số thập phân) và nhận xét sai số.
10,10,10,10,10.0,"Học sinh đã trình bày lời giải đầy đủ, chính xác và logic. Các bước lập luận đều đúng theo quy tắc đạo hàm hàm hợp và tìm phương trình tiếp tuyến. Cách trình bày rõ ràng, dễ hiểu.","Cho hàm hợp $h(x) = \ln(g(x^2 + 1))$. Biết rằng $g(2) = e^3$ và $g'(2) = 4e^3$. a) Xác định công thức tính đạo hàm $h'(x)$ theo $g(x)$ và $g'(x)$. b) Tính giá trị của $h'(1)$. c) Nếu $h(1)=3$, tìm phương trình tiếp tuyến của đồ thị hàm số $y=h(x)$ tại điểm có hoành độ $x=1$."
9,9,9,9,9.0,"Lời giải của học sinh rất tốt và đầy đủ. Học sinh đã nắm vững phương pháp đạo hàm ẩn và áp dụng chính xác để giải bài toán. Có một chút nhầm lẫn nhỏ ở phần tính toán giá trị y tại x=2√cub{2} nhưng không ảnh hưởng đến kết quả cuối cùng. Cần lưu ý thêm về trường hợp điểm kỳ dị (0,0) trong phần c để hoàn thiện hơn.","Cho đường cong có phương trình $x^3 + y^3 - 6xy = 0$ (đường folium của Descartes). a) Sử dụng phương pháp đạo hàm ẩn, hãy tìm biểu thức của $y' = \frac{dy}{dx}$. b) Tìm hệ số góc của tiếp tuyến với đường cong tại điểm $M(3, 3)$. c) Có điểm nào trên đường cong mà tiếp tuyến song song với trục hoành không? Nếu có, hãy chỉ ra."
10,9,9,9,9.0,"Lời giải của học sinh rất tốt và chính xác. Học sinh đã áp dụng đúng phương pháp đạo hàm logarit cho cả hai câu a và b. Ở câu c, học sinh đã sử dụng đúng công thức khai triển Taylor bậc nhất để xấp xỉ giá trị. Tuy nhiên, ở phần tính toán giá trị gần đúng của c, học sinh có một sai sót nhỏ khi cho rằng ""y gần 1"", điều này không hoàn toàn đúng với biểu thức y = (pi/2)^cos(pi/2 + 0.01) mà thay vào đó là áp dụng công thức xấp xỉ f(x0 + dx) ≈ f(x0) + f'(x0)dx với f(x) = x^cos(x) tại x0 = pi/2 và dx = 0.01. Lập luận ở phần c của học sinh chưa hoàn toàn rõ ràng bằng cách làm của đáp án chuẩn.","Sử dụng phương pháp đạo hàm logarit để tính đạo hàm của các hàm số sau: a) $y = x^{\cos x}$. b) $y = \frac{\sqrt{x+1} \cdot (x-2)^3}{(x+5)^4}$. c) Từ kết quả câu a, tính giá trị gần đúng của $( \frac{\pi}{2} )^{\cos (\frac{\pi}{2} + 0.01)}$ biết $\cos(\frac{\pi}{2} + \alpha) \approx -\alpha$ khi $\alpha$ rất nhỏ."
10,10,10,10,10.0,"Bài giải của học sinh rất tốt, các bước lập luận rõ ràng, chính xác và đầy đủ. Kết quả cuối cùng trùng khớp với đáp án chuẩn.","Một vật chuyển động trên một đường thẳng có phương trình quãng đường $s(t) = t^3 - 6t^2 + 9t + 5$ (trong đó $s$ tính bằng mét, $t$ tính bằng giây), với $t \ge 0$. a) Tìm các biểu thức vận tốc tức thời $v(t)$ và gia tốc tức thời $a(t)$ của vật. b) Tìm các thời điểm mà tại đó vật dừng lại (vận tốc bằng 0). c) Trong khoảng thời gian nào vật chuyển động ngược chiều dương và trong khoảng thời gian nào vật chuyển động cùng chiều dương?"
10,10,10,10,10.0,"Lời giải của học sinh đầy đủ, chính xác, lập luận rõ ràng và tuân thủ đúng quy trình giải bài toán. Các bước tính toán đều chính xác và bám sát yêu cầu của đề bài.","Cho hàm số $f(x) = x^5 + 2x - 1$. a) Chứng minh rằng $f(x)$ có hàm số ngược $f^{-1}(x)$. b) Tính $f(1)$. c) Sử dụng công thức đạo hàm của hàm ngược, hãy tính $(f^{-1})'(2)$."
10,10,10,10,10.0,"Lời giải rất chi tiết và chính xác, bám sát từng bước của đề bài. Cách trình bày rõ ràng, dễ hiểu, sử dụng đúng công thức và phương pháp giải. Các bước tính toán đều đúng và hợp lý.",Cho hàm số $y=f(x)$ được xác định bởi phương trình tham số $\begin{cases} x(t) = t^2 - 2t \\ y(t) = t^3 + 3t \end{cases}$. a) Tính đạo hàm theo tham số $\frac{dx}{dt}$ và $\frac{dy}{dt}$. b) Tìm biểu thức của đạo hàm $\frac{dy}{dx}$ theo tham số $t$. c) Tìm các điểm trên đồ thị mà tại đó tiếp tuyến song song với đường thẳng $y = -6x + 5$.
10,10,10,10,10.0,"Bài giải hoàn toàn chính xác, lập luận logic, trình bày rõ ràng và đầy đủ các bước.",Cho hàm số $f(x) = |x^2 - 4x + 3|$. a) Viết lại hàm số $f(x)$ dưới dạng hàm số cho bởi hai quy tắc (bỏ dấu giá trị tuyệt đối). b) Tính đạo hàm của hàm số tại $x=0$ và $x=2$. c) Xét tính khả vi của hàm số tại các điểm $x=1$ và $x=3$. Giải thích.
8,8,7,7,7.0,"Học sinh đã thực hiện đúng các bước tính toán cho đạo hàm cấp 1 và cấp 2. Trong quá trình áp dụng công thức Leibniz, học sinh có nhầm lẫn nhỏ trong việc xác định các đạo hàm của hàm $u(x) = x^2$ và xử lý hệ số $(-1)^{n-k}$, dẫn đến kết quả ban đầu chưa chính xác. Tuy nhiên, học sinh đã nhận ra lỗi sai và sửa lại một cách khá tốt, mặc dù việc kiểm tra lại với $n=2$ vẫn chưa khớp hoàn toàn với kết quả tính trực tiếp do sai sót nhỏ trong phép nhân hệ số. Cần chú ý hơn đến việc kiểm tra lại các bước tính toán trung gian để đảm bảo tính chính xác.","Cho hàm số $f(x) = x^2 e^{-x}$. a) Tính đạo hàm cấp 1 ($f'(x)$) và đạo hàm cấp 2 ($f''(x)$). b) Áp dụng công thức Leibniz (đạo hàm cấp n của một tích), hãy tìm công thức tổng quát cho đạo hàm cấp n, $f^{(n)}(x)$. c) Kiểm tra lại công thức ở câu b) với n=2 để xem có trùng khớp với kết quả câu a) không."
7,8,8,7,7.0,"Lời giải của học sinh đã đi đúng hướng và có nhiều bước chính xác. Tuy nhiên, có một số sai sót nhỏ trong tính toán ở phần b và cách thiết lập đạo hàm ở phần c. Phần a đúng. Phần b có sai số ở kết quả cuối cùng. Phần c có sai sót trong công thức đạo hàm của tan theta hoặc cách áp dụng. Cần xem lại các bước tính toán và công thức đạo hàm.",Một thang dài 5 mét đang dựa vào một bức tường thẳng đứng. Chân thang được kéo ra xa khỏi tường với tốc độ không đổi là 0.4 m/s. a) Gọi $x$ là khoảng cách từ chân thang đến tường và $y$ là chiều cao đỉnh thang so với mặt đất. Thiết lập mối quan hệ giữa $x$ và $y$. b) Tìm tốc độ thay đổi của chiều cao $y$ (tức là $\frac{dy}{dt}$) tại thời điểm chân thang cách tường 3 mét. c) Tìm tốc độ thay đổi của góc nghiêng $\theta$ giữa thang và mặt đất tại thời điểm đó.
10,10,10,10,10.0,"Lời giải chi tiết, đầy đủ, chính xác và lập luận chặt chẽ theo từng phần của bài toán. Các bước tính toán đạo hàm, phương trình tiếp tuyến, pháp tuyến và tìm điểm thỏa mãn điều kiện song song đều đúng.","Cho đường cong Astroid có phương trình tham số $\begin{cases} x = a \cos^3 t \\ y = a \sin^3 t \end{cases}$ với $t \in [0, 2\pi]$. a) Tính đạo hàm $y'(x) = \frac{dy}{dx}$. b) Viết phương trình tiếp tuyến và pháp tuyến của đường cong tại điểm ứng với $t = \frac{\pi}{4}$. c) Tìm các điểm trên đường cong mà tại đó tiếp tuyến song song với đường phân giác thứ nhất $y=x$."
9,9,9,9,9.0,"Học sinh đã trình bày lời giải khá chi tiết và chính xác. Tuy nhiên, có một vài điểm cần lưu ý:

Phần a): Học sinh đã sử dụng đạo hàm logarit đúng cách. Biểu thức đạo hàm tìm được là chính xác.

Phần b): Học sinh đã thay giá trị alpha và beta vào biểu thức đạo hàm và tìm được điểm tới hạn là x = 5/3. Tuy nhiên, học sinh chưa xét trường hợp đạo hàm không xác định tại các điểm mà mẫu số bằng 0 (tức là x=1 và x=2) là điểm tới hạn.

Phần c): Lập luận về sự tồn tại của đạo hàm tại x=1 và x=2 còn chưa chặt chẽ. Khi xét giới hạn của f'(x), học sinh chỉ xét trường hợp tổng bị chặn và quên mất rằng chính các thành phần trong ngoặc mới là yếu tố quyết định sự tồn tại của đạo hàm.

Đề nghị: Cần làm rõ định nghĩa điểm tới hạn là nơi đạo hàm bằng 0 hoặc không xác định. Đồng thời, cần cẩn trọng hơn trong việc biện luận sự tồn tại của đạo hàm bằng cách xem xét các lũy thừa của (x-1) và (x-2) trong biểu thức đạo hàm.","Xét hàm số $f(x) = (x-1)^{\alpha} (x-2)^{\beta}$ với $\alpha, \beta$ là các hằng số hữu tỉ. a) Sử dụng đạo hàm logarit, tìm biểu thức của $f'(x)$. b) Cho $\alpha = 2/3$ và $\beta=1/3$. Tìm các điểm tới hạn (critical points) của hàm số trên khoảng $(1, 2)$. c) Biện luận sự tồn tại của đạo hàm tại $x=1$ và $x=2$ theo $\alpha$ và $\beta$."
10,10,10,10,10.0,"Bài giải đã chứng minh đúng công thức đạo hàm cấp hai của hàm ngược và áp dụng chính xác vào bài toán cụ thể. Các bước lập luận logic, rõ ràng và chính xác về mặt toán học.","Cho hàm số $f(x)$ khả vi trên $\mathbb{R}$ và có hàm ngược $f^{-1}(x)$. a) Chứng minh công thức đạo hàm cấp hai của hàm ngược: $(f^{-1})''(y) = -\frac{f''(x)}{[f'(x)]^3}$, trong đó $y=f(x)$. b) Áp dụng công thức trên cho hàm số $f(x) = x^3+x$. Tính $(f^{-1})''(2)$."
10,10,10,10,10.0,"Lời giải của học sinh hoàn toàn chính xác và tuân thủ đúng các bước phân tích bài toán đã đề ra. Cách trình bày rõ ràng, logic, thể hiện sự hiểu biết sâu sắc về kiến thức liên quan đến phương trình đường cong và đạo hàm. Các bước tính toán được thực hiện cẩn thận và chính xác.","Cho hai họ đường cong (C1): $y^2 = 4a(x+a)$ và (C2): $y^2 = 4b(b-x)$, với $a,b$ là các tham số dương. a) Tìm tọa độ giao điểm của hai họ đường cong này. b) Tính đạo hàm $y'$ theo $x$ cho mỗi họ đường cong. c) Chứng minh rằng tại giao điểm, hai họ đường cong này trực giao với nhau (tức là tiếp tuyến của chúng tại giao điểm vuông góc với nhau)."
10,10,10,10,10.0,"Bài giải trình bày đầy đủ, lập luận chặt chẽ, chính xác về mặt toán học. Các bước giải thích rõ ràng, dễ hiểu, tuân thủ đúng định nghĩa và các quy tắc tính đạo hàm. Phần c) giải thích nguyên nhân không liên tục một cách hợp lý.","Cho hàm số $f(x) = \begin{cases} x^2 \sin(\frac{1}{x}) & \text{khi } x \neq 0 \\ 0 & \text{khi } x = 0 \end{cases}$. a) Dùng định nghĩa đạo hàm tại một điểm, chứng minh rằng $f(x)$ có đạo hàm tại $x=0$ và tính $f'(0)$. b) Tính $f'(x)$ khi $x \neq 0$. c) Chứng minh rằng $f'(x)$ không liên tục tại $x=0$."
10,10,10,10,10.0,"Bài giải rất chi tiết, lập luận logic và kết quả chính xác. Học sinh đã hiểu rõ cách sử dụng vi phân để ước tính sai số và mối quan hệ giữa sai số tương đối của thể tích và bán kính. Các bước trình bày rõ ràng, dễ hiểu.",Một nhà sản xuất đo được bán kính của một viên bi thép là $r=2$ cm với sai số tối đa là $\Delta r = 0.01$ cm. a) Thể tích của viên bi được tính bằng công thức $V(r) = \frac{4}{3}\pi r^3$. Tính vi phân $dV$ của thể tích. b) Dùng vi phân để ước tính sai số tuyệt đối và sai số tương đối tối đa có thể mắc phải khi tính thể tích của viên bi. c) So sánh sai số tương đối của thể tích với sai số tương đối của bán kính và rút ra nhận xét.
10,10,10,10,10.0,"Bài giải đã trình bày đầy đủ các bước, lập luận logic và chính xác. Các điều kiện của bài toán đã được khai thác triệt để để tìm ra các tham số cần tìm. Cách trình bày rõ ràng, dễ hiểu.","Tìm các tham số $a, b, c$ để đồ thị của hàm số $f(x) = ax^3 + bx^2 + cx + d$ thỏa mãn đồng thời các điều kiện sau: a) Có một điểm uốn tại $I(1, 2)$. b) Tiếp tuyến tại điểm uốn $I$ có phương trình là $y = -3x + 5$. c) Hàm số đạt cực trị tại $x=0$."
10,10,10,10,10.0,"Bài làm của học sinh rất tốt, trình bày rõ ràng, lập luận chặt chẽ và các bước tính toán đều chính xác. Tất cả các phần a, b, c đều được giải quyết đúng và đầy đủ. Học sinh đã áp dụng đúng phương pháp đạo hàm ẩn, xác định đúng điểm tiếp xúc và phương trình tiếp tuyến, cũng như sử dụng vi phân cấp 1 để xấp xỉ giá trị một cách chính xác.",Cho hàm số $y=f(x)$ xác định bởi phương trình $y^5 + xy - x^3 = 1$. a) Tính $y'(x)$ bằng phương pháp đạo hàm ẩn. b) Viết phương trình tiếp tuyến của đồ thị hàm số tại điểm có hoành độ $x=1$. c) Dùng vi phân cấp 1 để xấp xỉ giá trị của $y$ khi $x=1.02$.
5,6,7,6,6.0,"Phần a và b của bài giải là đúng. Tuy nhiên, phần c, việc tìm nghiệm của F'(x) = 0 còn thiếu sót và sai sót nghiêm trọng. Học sinh đã kiểm tra một vài điểm đặc biệt nhưng bỏ qua việc phân tích tổng quát. Đặc biệt, việc kết luận nghiệm duy nhất là x = pi/2 là sai. Đáp án chuẩn đã chỉ ra các nghiệm là 3pi/4 và 7pi/4. Do đó, điểm số cho correctness và accuracy bị ảnh hưởng.","Cho hàm số $F(x) = \int_{\sin(x)}^{\cos(x)} \ln(1+t^2) dt$. a) Nêu công thức tổng quát (Định lý Leibniz) cho đạo hàm của tích phân có cận là hàm số, tức là $\frac{d}{dx} \int_{a(x)}^{b(x)} f(t) dt$. b) Áp dụng công thức trên để tìm $F'(x)$. c) Tìm các điểm cực trị của hàm số $F(x)$ trên khoảng $(0, 2\pi)$."
10,10,10,10,10.0,"Bài làm đã chứng minh định lý Darboux một cách rất rõ ràng và đầy đủ theo các bước gợi ý. Lập luận chặt chẽ, chính xác, thể hiện sự hiểu biết sâu sắc về định lý.","Chứng minh định lý Darboux: Nếu $f$ là một hàm số khả vi trên $[a, b]$, thì hàm số đạo hàm $f'(x)$ (không nhất thiết liên tục) thỏa mãn tính chất giá trị trung gian trên $[a, b]$. a) Xét hàm số $g(x) = f(x) - kx$ với $k$ là một hằng số. Tìm $g'(x)$. b) Giả sử $f'(a) < k < f'(b)$. Chứng minh rằng tồn tại một điểm cực tiểu của $g(x)$ trong khoảng $(a,b)$. c) Từ đó suy ra định lý Darboux."
10,10,10,10,10.0,"Lời giải của học sinh rất tốt, đầy đủ và chính xác. Học sinh đã thực hiện đúng các bước để giải bài toán, từ việc tìm f(0), mối quan hệ giữa f'(x) và f'(0), đến việc tìm dạng tổng quát của hàm số. Các bước lập luận logic, rõ ràng và sử dụng đúng các kiến thức về đạo hàm và tích phân. Việc kiểm tra lại kết quả cuối cùng là một điểm cộng lớn, thể hiện sự cẩn thận và hiểu bài sâu sắc.","Cho hàm $f(x)$ khả vi vô hạn lần thỏa mãn phương trình hàm $f(x+y) = f(x) + f(y) + 2xy$ với mọi $x,y \in \mathbb{R}$. a) Tính $f(0)$. b) Giữ $x$ cố định và lấy đạo hàm theo $y$, sau đó đặt $y=0$ để tìm mối quan hệ giữa $f'(x)$ và $f'(0)$. c) Từ kết quả câu b, hãy tìm dạng tổng quát của hàm số $f(x)$."
10,10,9,10,10.0,"Lời giải đã phân tích bài toán một cách logic và đầy đủ, áp dụng chính xác định lý Rolle. Các bước lập luận rõ ràng và dẫn đến kết quả đúng cho cả ba phần a, b, c. Phần trình bày có thể chi tiết hơn một chút ở bước chứng minh nghiệm đơn để đạt điểm tuyệt đối.","Cho $f(x)$ là một đa thức bậc $n$ có $n$ nghiệm thực phân biệt $x_1 < x_2 < \dots < x_n$. a) Áp dụng định lý Rolle cho $f(x)$ trên mỗi khoảng $[x_i, x_{i+1}]$, hãy cho biết $f'(x)$ có bao nhiêu nghiệm thực? b) Tương tự, hãy cho biết $f''(x)$ và đạo hàm cấp $k$ ($f^{(k)}(x)$ với $k < n$) có bao nhiêu nghiệm thực? c) Chứng minh rằng tất cả các nghiệm của $f'(x), f''(x), \dots, f^{(n-1)}(x)$ đều là nghiệm thực và đơn."
10,9,9,9,9.0,"Bài giải của học sinh có lập luận chặt chẽ và chính xác trong phần a. Tuy nhiên, ở phần b, học sinh đã tính sai đạo hàm đối xứng của hàm |x| tại x=0. Theo đáp án chuẩn, kết quả phải là 0 chứ không phải 1. Học sinh đã mắc lỗi ở bước rút gọn |-h| = -h, trong khi |-h| = |h|.",Ta định nghĩa đạo hàm đối xứng Schwarz tại điểm $x$ là: $f_s'(x) = \lim_{h \to 0} \frac{f(x+h) - f(x-h)}{2h}$. a) Chứng minh rằng nếu đạo hàm thông thường $f'(x)$ tồn tại thì đạo hàm đối xứng $f_s'(x)$ cũng tồn tại và bằng $f'(x)$. b) Xét hàm số $f(x) = |x|$. Tính đạo hàm đối xứng $f_s'(0)$. c) Kết quả ở câu b có mâu thuẫn với việc hàm $|x|$ không khả vi tại $x=0$ không? Giải thích.
10,10,10,10,10.0,"Bài giải hoàn toàn chính xác và đầy đủ các bước. Lập luận rõ ràng, trình bày mạch lạc, sử dụng công thức tính đạo hàm và tích vô hướng một cách chính xác. Kết quả cuối cùng khớp hoàn toàn với đáp án chuẩn.","Một vật chuyển động trong mặt phẳng Oxy có tọa độ tại thời điểm $t$ cho bởi $x(t) = e^t \cos(t)$ và $y(t) = e^t \sin(t)$ (đường xoắn ốc logarit). a) Tìm các thành phần vận tốc $v_x = x'(t)$, $v_y = y'(t)$ và tốc độ của vật $v = \sqrt{v_x^2 + v_y^2}$. b) Tìm các thành phần gia tốc $a_x = x''(t)$, $a_y = y''(t)$. c) Chứng minh rằng góc giữa vector vị trí $\vec{r}=(x(t), y(t))$ và vector vận tốc $\vec{v}=(v_x, v_y)$ là một hằng số. (Gợi ý: Dùng tích vô hướng)."
8,8,8,7,8.0,"Phần a) và b) được giải quyết khá tốt, trình bày rõ ràng và có logic. Tuy nhiên, ở phần c), học sinh mới chỉ thực hiện đặt biến đổi và gặp khó khăn trong việc tính toán đạo hàm cấp cao bằng phương pháp trực tiếp, cũng như chưa chỉ ra được cách biến đổi về dạng cuối cùng. Nên bổ sung thêm bước sử dụng số phức hoặc khai triển Taylor để hoàn thiện phần này.","Cho hàm số $f(x) = \frac{1}{1+x^2}$. a) Tìm đạo hàm cấp 1 và cấp 2 của $f(x)$. b) Bằng quy nạp, chứng minh rằng đạo hàm cấp n của $f(x)$ có thể được biểu diễn dưới dạng $f^{(n)}(x) = \frac{P_n(x)}{(1+x^2)^{n+1}}$, trong đó $P_n(x)$ là một đa thức. Tìm công thức truy hồi cho $P_{n+1}(x)$ theo $P_n(x)$ và $P_n'(x)$. c) (Nâng cao) Bằng cách đặt $x=\cot(\theta)$, chứng minh rằng $f^{(n)}(x) = (-1)^n n! (1+x^2)^{-(n+1)/2} \sin((n+1)\arctan(x))$."
10,10,10,10,10.0,"Bài giải của học sinh rất tốt, thực hiện đầy đủ các yêu cầu của đề bài và cho ra kết quả chính xác. Lập luận logic, trình bày rõ ràng, các bước giải đều chính xác về mặt toán học.","Tìm tất cả các hàm số $f(x)$ khả vi trên $\mathbb{R}$ sao cho tiếp tuyến của đồ thị tại bất kỳ điểm $(x_0, f(x_0))$ nào cũng đi qua điểm $(x_0-1, 0)$. a) Viết phương trình tiếp tuyến của đồ thị hàm số $y=f(x)$ tại điểm $(x_0, f(x_0))$. b) Sử dụng điều kiện đề bài, thiết lập một phương trình vi phân cho $f(x)$. c) Giải phương trình vi phân đó để tìm dạng tổng quát của $f(x)$."
8,7,7,7,7.0,"Phần a) và c) được giải quyết đúng và có lập luận tốt. Phần b) có ý tưởng sử dụng định lý Rolle nhưng cách áp dụng chưa rõ ràng và thiếu một số chi tiết quan trọng để chứng minh. Cụ thể, việc giả sử $f(a)=0, g(a) 
eq 0$ và sau đó dùng định lý Rolle cho các khoảng có không điểm chung của f và g cần được làm rõ hơn hoặc có một cách tiếp cận khác phù hợp hơn với giả thiết ""không điểm xen kẽ"". Việc áp dụng định lý Rolle trực tiếp cho $h(x)$ và $f(x)g(x)$ cũng cần làm rõ hơn mối liên hệ với giả thiết không điểm xen kẽ.","Cho hai hàm số $f(x)$ và $g(x)$ khả vi đến cấp 2 trên $[a, b]$. Định nghĩa hàm $h(x) = f(x)g'(x) - f'(x)g(x)$ (biểu thức này liên quan đến định thức Wronski). a) Tính đạo hàm $h'(x)$. b) Giả sử $f(x)$ và $g(x)$ có các không điểm xen kẽ nhau trên $(a,b)$. Cụ thể, giữa hai không điểm liên tiếp bất kỳ của $f(x)$ có đúng một không điểm của $g(x)$, và ngược lại. Chứng minh rằng nếu $f(a)=f(b)=0$ thì tồn tại $c \in (a, b)$ sao cho $h(c)=0$. c) (Khó) Chứng minh rằng nếu $f(x)$ và $g(x)$ là hai nghiệm độc lập tuyến tính của phương trình vi phân $y''+q(x)y=0$ thì $h(x)$ là một hằng số khác không."
10,9,9,10,9.0,"Bài giải đã chứng minh đầy đủ và chính xác các yêu cầu của đề bài. Lập luận chặt chẽ, trình bày rõ ràng. Có thể cải thiện thêm một chút về sự chi tiết trong việc sử dụng định lý giới hạn cho hàm số ở phần c. Tuy nhiên, đây là một bài giải rất tốt.","Cho hàm số $f(x)$ thỏa mãn $f(1)=1$ và $f'(x) = \frac{1}{x^2+f^2(x)}$ với $x \ge 1$. a) Chứng minh rằng $f(x)$ là hàm đồng biến. b) Bằng cách so sánh với một hàm thích hợp, chứng tỏ rằng $f(x) < 1 + \frac{\pi}{4}$ với mọi $x > 1$. c) Chứng minh rằng giới hạn $\lim_{x \to \infty} f(x)$ tồn tại và hữu hạn."
10,10,10,10,10.0,"Lời giải của học sinh rất tốt, đầy đủ các bước và lập luận chặt chẽ, chính xác. Học sinh đã kiểm tra đầy đủ các điều kiện của Định lý Rolle và tìm đúng giá trị c. Không có điểm nào cần chỉnh sửa.","Xét hàm số $f(x) = x^2 - 6x + 10$. a) Hãy kiểm tra các điều kiện của Định lý Rolle trên đoạn $[1, 5]$. b) Nếu các điều kiện không thỏa mãn, hãy giải thích điều kiện nào không thỏa mãn. c) Có thể tìm được điểm $c \in (1, 5)$ sao cho $f'(c) = 0$ không? Kết quả này có mâu thuẫn với Định lý Rolle không?"
10,10,10,10,10.0,"Bài giải của học sinh hoàn toàn chính xác, trình bày rõ ràng, lập luận chặt chẽ và tuân thủ đúng các bước giải của bài toán. Các phần a, b, c đều được giải quyết một cách đầy đủ và đúng đắn.","Một chiếc xe di chuyển trên một con đường thẳng. Vị trí của nó tại thời điểm $t$ (giờ) được cho bởi hàm số $s(t) = 80t^2$ (km), với $t \in [0, 2]$. a) Tính vận tốc trung bình của xe trong khoảng thời gian từ $t=0$ đến $t=2$. b) Hãy phát biểu Định lý Giá trị Trung bình (Lagrange) cho hàm số $s(t)$ trên đoạn $[0, 2]$. c) Dựa vào định lý, có một thời điểm nào mà vận tốc tức thời của xe bằng đúng vận tốc trung bình không? Nếu có, hãy tìm thời điểm đó."
10,10,10,10,10.0,"Bài làm của học sinh rất tốt, đầy đủ các bước và chính xác. Đã xác định đúng dạng vô định, áp dụng đúng quy tắc L'Hôpital và tính toán kết quả cuối cùng chính xác. Cách trình bày rõ ràng, dễ hiểu.",Sử dụng quy tắc L'Hôpital để tính giới hạn sau: $L = \lim_{x \to 1} \frac{x^3 - 1}{x^2 - 1}$. a) Hãy xác định dạng vô định của giới hạn. b) Áp dụng quy tắc L'Hôpital một lần. c) Tính giá trị của giới hạn.
10,10,10,10,10.0,"Lời giải của học sinh hoàn toàn chính xác và đầy đủ theo các bước của bài toán. Học sinh đã thực hiện đúng các phép tính đạo hàm, xây dựng khai triển Maclaurin và áp dụng để tính giá trị xấp xỉ.","Cho hàm số $f(x) = \ln(1+x)$. a) Tìm các đạo hàm $f'(x), f''(x)$ tại $x=0$. b) Viết khai triển Maclaurin (Taylor tại $x=0$) của hàm số đến bậc 2. c) Sử dụng khai triển vừa tìm được để tính giá trị xấp xỉ của $\ln(1.1)$."
10,10,10,10,10.0,"Học sinh đã trình bày lời giải rất rõ ràng, logic và chính xác. Các bước lập luận đều tuân thủ đúng yêu cầu của đề bài, sử dụng hiệu quả Định lý Giá trị Trung bình để chứng minh bất đẳng thức. Việc kiểm tra trường hợp x=0 cũng được thực hiện cẩn thận. Không có điểm nào cần cải thiện.","Sử dụng Định lý Giá trị Trung bình (Lagrange), hãy chứng minh bất đẳng thức $e^x \ge 1+x$ với mọi $x \ge 0$. a) Xét hàm số $f(t) = e^t$ trên đoạn $[0, x]$ với $x>0$. Áp dụng định lý Lagrange cho hàm số này. b) Dựa vào kết quả thu được, hãy suy ra bất đẳng thức. c) Kiểm tra trường hợp $x=0$."
10,10,10,10,10.0,"Bài giải của học sinh rất tốt, bám sát các bước yêu cầu của đề bài. Học sinh đã xác định đúng dạng vô định, thực hiện khai triển Maclaurin chính xác và tìm ra đúng giá trị của a để giới hạn tồn tại hữu hạn và khác 0, đồng thời tính toán giới hạn cuối cùng đúng. Cách trình bày rõ ràng, logic, dễ hiểu.","Tìm hằng số $a$ để giới hạn sau đây tồn tại hữu hạn và khác 0, sau đó tìm giới hạn đó: $L = \lim_{x \to 0} \frac{e^{ax} - \cos(x) - 2x}{x^2}$. a) Thay $x=0$ để xác định dạng vô định. b) Sử dụng khai triển Maclaurin cho $e^{ax}$ và $\cos(x)$ đến bậc 2 để viết lại biểu thức. c) Tìm $a$ để triệt tiêu số hạng bậc 1 ở tử số và tính giới hạn."
10,9,9,9,9.0,"Bài giải đã đi đúng hướng và đạt được kết quả chính xác cho cả ba phần. Lập luận rõ ràng và từng bước. Tuy nhiên, ở phần phân tích tính liên tục, có thể diễn giải thêm một chút về tính liên tục của hàm tuyệt đối để làm rõ hơn. Phần đánh giá tính khả vi và áp dụng Định lý Rolle đã chính xác.","Cho hàm số $f(x) = |x-2|$. a) Hàm số này có liên tục trên đoạn $[0, 4]$ không? b) Hàm số này có khả vi trên khoảng $(0, 4)$ không? c) Có thể áp dụng Định lý Rolle cho hàm số này trên đoạn $[0, 4]$ không, mặc dù $f(0)=2$ và $f(4)=2$? Giải thích."
10,10,10,10,10.0,"Học sinh đã trình bày bài giải rất đầy đủ và chính xác, bám sát các bước yêu cầu của đề bài. Từ việc xác định dạng vô định, biến đổi biểu thức về dạng phù hợp, áp dụng quy tắc L'Hôpital và tính toán cuối cùng đều rất chuẩn xác.",Sử dụng quy tắc L'Hôpital để xử lý dạng vô định $0 \cdot \infty$. Tính giới hạn $L = \lim_{x \to 0^+} x \ln(x)$. a) Xác định dạng vô định. b) Biến đổi biểu thức về dạng $\frac{0}{0}$ hoặc $\frac{\infty}{\infty}$. c) Áp dụng quy tắc L'Hôpital và tính giới hạn.
10,10,10,10,10.0,"Bài giải rất đầy đủ, logic và chính xác. Các bước làm rõ ràng, từng phần đều được trình bày cẩn thận và tuân thủ đúng yêu cầu của đề bài. Việc sử dụng đạo hàm cấp hai để phân loại điểm cực trị được thực hiện chính xác.",Tìm tất cả các điểm cực trị của hàm số $f(x) = x^3 - 3x^2 + 5$. a) Tìm đạo hàm $f'(x)$. b) Tìm các điểm tới hạn (critical points) bằng cách giải phương trình $f'(x)=0$. c) Sử dụng dấu của đạo hàm cấp hai $f''(x)$ tại các điểm tới hạn để phân loại chúng (cực đại hay cực tiểu).
10,10,10,10,10.0,"Lời giải của học sinh đầy đủ, chính xác và trình bày rõ ràng, bám sát theo yêu cầu của bài toán. Các bước lập luận logic và các phép tính toán học đều đúng. Phần ý nghĩa hình học cũng được diễn giải chính xác.","Cho hàm số $f(x) = \sqrt{x}$. a) Kiểm tra các điều kiện của Định lý Giá trị Trung bình (Lagrange) trên đoạn $[25, 36]$. b) Tìm giá trị $c \in (25, 36)$ thỏa mãn kết luận của định lý. c) Nêu ý nghĩa hình học của kết quả tìm được."
10,10,10,10,10.0,"Lời giải của học sinh rất xuất sắc, đầy đủ và chính xác ở tất cả các phần. Học sinh đã phát biểu đúng định lý, kiểm tra kỹ các điều kiện và áp dụng chính xác để tìm giá trị c. Phần diễn giải ý nghĩa hình học cũng rất rõ ràng và đúng bản chất.","Xét hai hàm số $f(t) = 1 - \cos(t)$ và $g(t) = t - \sin(t)$. a) Phát biểu Định lý Giá trị Trung bình Cauchy cho hai hàm số $f, g$ trên đoạn $[a, b]$. b) Áp dụng định lý này trên đoạn $[0, \frac{\pi}{2}]$ để tìm một số $c$ thỏa mãn kết luận của định lý. c) Nêu ý nghĩa hình học của kết quả đối với đường cong tham số $x=g(t), y=f(t)$."
10,10,10,10,10.0,"Lời giải của học sinh hoàn toàn chính xác và đầy đủ theo từng bước của yêu cầu. Cách trình bày rõ ràng, logic và tuân thủ đúng các quy tắc áp dụng quy tắc L'Hôpital.","Tìm các hằng số $a, b$ để giới hạn sau là một số hữu hạn khác không, và tìm giới hạn đó: $L = \lim_{x \to 0} \frac{a e^x - b \cos(2x) - 3x}{x^2}$. a) Xác định dạng vô định và điều kiện cần ở tử số để có thể áp dụng L'Hôpital. b) Áp dụng L'Hôpital lần thứ nhất và tìm một phương trình liên hệ giữa $a$ và $b$. c) Áp dụng L'Hôpital lần thứ hai, tìm giá trị của $a, b$ và giới hạn $L$."
0,0,0,0,0.0,"Học sinh đã đưa ra một dự đoán không liên quan đến bài toán và không thực hiện bất kỳ bước giải nào. Do đó, tất cả các tiêu chí đều được đánh giá 0 điểm.",Sử dụng Định lý Taylor với phần dư dạng Lagrange để ước lượng sai số. a) Viết khai triển Maclaurin bậc 3 của hàm số $f(x) = \sin(x)$. b) Dùng đa thức vừa tìm được để xấp xỉ giá trị của $\sin(0.5)$. c) Hãy tìm một chặn trên cho sai số của phép xấp xỉ này bằng cách sử dụng phần dư Lagrange $R_3(x) = \frac{f^{(4)}(c)}{4!}x^4$.
10,10,10,10,10.0,"Lời giải của học sinh rất tốt, đầy đủ, lập luận chặt chẽ và chính xác. Các bước giải bám sát yêu cầu của đề bài, sử dụng đúng các định lý và suy luận logic. Cách trình bày rõ ràng, dễ hiểu.","Chứng minh phương trình $x^5 + 10x - 6 = 0$ có đúng một nghiệm thực. a) Sử dụng Định lý Giá trị Trung gian để chứng minh phương trình có ít nhất một nghiệm thực. b) Giả sử phương trình có hai nghiệm thực phân biệt $x_1, x_2$. Áp dụng Định lý Rolle cho hàm số $f(x) = x^5 + 10x - 6$ trên đoạn $[x_1, x_2]$ để dẫn đến một điều vô lý. c) Kết hợp kết quả câu a và b để đưa ra kết luận cuối cùng."
10,10,9,9,9.0,"Lời giải của học sinh đã hoàn toàn đúng về mặt kết quả và quy trình lập luận. Học sinh đã xác định đúng các thành phần chu vi và diện tích, thiết lập đúng các phương trình. Tuy nhiên, ở phần c) khi tính y, có một bước tính toán nháp bị sai (y=0) nhưng đã nhanh chóng sửa lại và đưa ra kết quả cuối cùng chính xác. Cần chú ý hơn đến độ chính xác trong các bước tính toán trung gian để đảm bảo không có sai sót. Cách trình bày rõ ràng, dễ hiểu.","Một cửa sổ dạng Norman có hình dạng là một hình chữ nhật bên dưới và một nửa hình tròn bên trên. Biết chu vi của cửa sổ là 10 mét. a) Gọi $x$ là một nửa chiều rộng của hình chữ nhật và $y$ là chiều cao của nó. Thiết lập phương trình biểu diễn chu vi. b) Biểu diễn diện tích $A$ của cửa sổ như một hàm theo biến $x$. c) Tìm kích thước $x, y$ để diện tích cửa sổ là lớn nhất."
10,10,10,10,10.0,"Lời giải của học sinh đã trình bày đầy đủ, chính xác và logic các bước theo yêu cầu của đề bài. Học sinh đã áp dụng đúng Định lý Lagrange, suy luận từ kết quả của định lý và sử dụng tính chất của hàm cosin để hoàn thành chứng minh bất đẳng thức. Cách trình bày rõ ràng, dễ hiểu.","Sử dụng Định lý Giá trị Trung bình, chứng minh bất đẳng thức $|\sin(a) - \sin(b)| \le |a-b|$ với mọi $a, b \in \mathbb{R}$. a) Phát biểu Định lý Lagrange cho hàm số $f(x)=\sin(x)$ trên đoạn $[a, b]$ (giả sử $a<b$). b) Từ kết luận của định lý, hãy suy ra đẳng thức $|\frac{\sin(b) - \sin(a)}{b-a}| = |\cos(c)|$. c) Hoàn thành chứng minh bằng cách sử dụng tính chất của hàm cosin."
9,9,9,9,9.0,"Lời giải đã thực hiện đầy đủ các bước và cho kết quả đúng. Chỉ có một sai sót nhỏ ở phần tính giá trị cực tiểu, cực đại, tuy nhiên sai sót này không ảnh hưởng đến việc xác định các điểm cực trị và khoảng đồng biến, nghịch biến. Việc trình bày rõ ràng, từng bước giúp người đọc dễ dàng theo dõi.","Tìm các khoảng đồng biến, nghịch biến, và các điểm cực trị của hàm số $f(x) = x \sqrt{4-x^2}$. a) Tìm tập xác định của hàm số. b) Tính đạo hàm $f'(x)$ và tìm các điểm tới hạn. c) Lập bảng biến thiên và kết luận."
0,8,8,10,0.0,"Học sinh đã xác định đúng dạng vô định và thực hiện các bước tính toán theo phương pháp logarit hóa chính xác. Tuy nhiên, học sinh đã đưa ra dự đoán sai (L=e) và kết quả cuối cùng sai (1/e). Điểm cho phần dự đoán là 0 điểm, các phần còn lại đúng nên chấm điểm theo các tiêu chí khác.",Tìm giới hạn $L = \lim_{x \to 0^+} (\cot x)^{1/\ln x}$. a) Xác định dạng vô định của giới hạn. b) Sử dụng phương pháp logarit hóa: đặt $y = (\cot x)^{1/\ln x}$ và tính $\lim_{x \to 0^+} \ln y$. c) Tìm giới hạn $L$ từ kết quả của $\lim \ln y$.
10,10,9,10,10.0,"Lời giải của học sinh hoàn toàn chính xác và logic. Các bước lập luận rõ ràng, từ thiết lập mối quan hệ đến tính toán đạo hàm theo thời gian và phân tích sự thay đổi của tốc độ góc. Cách trình bày cũng rất dễ hiểu.",Một người quan sát đứng trên mặt đất cách tòa nhà 30 mét và nhìn lên đỉnh của tòa nhà. Một khinh khí cầu đang bay lên thẳng đứng từ đỉnh tòa nhà với vận tốc không đổi 5 m/s. a) Gọi $h$ là chiều cao của khinh khí cầu so với đỉnh tòa nhà và $\theta$ là góc nhìn từ người quan sát tới khinh khí cầu (so với phương ngang qua đỉnh tòa nhà). Thiết lập mối quan hệ giữa $h$ và $\theta$. b) Tìm tốc độ thay đổi của góc nhìn ($\frac{d\theta}{dt}$) tại thời điểm khinh khí cầu ở độ cao 40 mét so với đỉnh tòa nhà. c) Tốc độ $\frac{d\theta}{dt}$ thay đổi như thế nào khi khinh khí cầu bay cao hơn?
4,4,5,4,4.0,"Bạn đã thực hiện đúng phần a) và có ý tưởng đúng cho phần b) và c) nhưng có sai sót trong tính toán. Cụ thể, ở phần b) bạn tính sai tọa độ điểm cực trị và hệ số góc, dẫn đến sai phương trình đường thẳng. Ở phần c) bạn đã kết luận sai do nhầm lẫn trong suy luận. Nên xem lại cách tính tọa độ điểm cực trị và phương trình đường thẳng đi qua hai điểm cực trị cho hàm số lẻ. Khi đường thẳng đi qua hai điểm cực trị của hàm số lẻ, nó luôn đi qua gốc tọa độ.","Cho hàm số $f(x)=x^3-ax$. a) Tìm tất cả các giá trị của tham số $a$ để hàm số có hai điểm cực trị. b) Với điều kiện của $a$ tìm được ở câu a, gọi $x_1, x_2$ là hoành độ hai điểm cực trị. Viết phương trình đường thẳng đi qua hai điểm cực trị này. c) Tìm $a$ sao cho đường thẳng đi qua hai điểm cực trị song song với đường thẳng $y = -2x+1$."
10,10,10,10,10.0,"Bài giải của học sinh trình bày đầy đủ, logic và chính xác theo từng bước. Cách lập luận và áp dụng công thức đều đúng.",Tính tích phân của một đa thức chứa cả luỹ thừa phân số và luỹ thừa âm: $I = \int (2x^3 - \frac{1}{x^2} + 4\sqrt{x}) dx$. a) Viết lại hàm số dưới dấu tích phân sử dụng luỹ thừa thay cho phân số và căn thức. b) Áp dụng tính chất tuyến tính của tích phân để tách thành các tích phân đơn giản hơn. c) Tìm nguyên hàm của từng phần và kết hợp lại để có kết quả cuối cùng.
