correctness,reasoning,clarity,accuracy,final_score,feedback,problem
10,10,10,10,10,"Học sinh đã giải bài toán một cách chính xác và đầy đủ. Các bước lập luận rõ ràng, logic, thể hiện sự hiểu biết về hàm số ghép. Cách trình bày sạch sẽ, dễ theo dõi.","Cho hàm số $f(x)$ được định nghĩa bởi hai công thức (hàm số ghép): $ f(x) = \begin{cases} x^2 + 1 & \text{khi } x \ge 0 \\ 2x + 1 & \text{khi } x < 0 \end{cases} $ a) Tính các giá trị $f(2)$, $f(-3)$, và $f(0)$. b) Tìm tập xác định của hàm số. c) Xét xem $y=5$ có thuộc tập giá trị của hàm số không. Nếu có, hãy tìm $x$ tương ứng."
10,9,9,10,10,"Học sinh đã giải đúng tất cả các phần của bài toán. Lập luận logic, rõ ràng và chính xác. Có thể cải thiện một chút ở phần trình bày tập xác định của hàm hợp, cần nêu rõ điều kiện đầu vào của hàm bên trong và điều kiện đầu ra của hàm bên ngoài.",Cho hai hàm số $f(x) = \sqrt{x-1}$ và $g(x) = x^2 + 1$. a) Tìm tập xác định của $f(x)$ và $g(x)$. b) Xác định hàm hợp $h(x) = f(g(x))$ và tìm tập xác định của $h(x)$. c) Xác định hàm hợp $k(x) = g(f(x))$ và tìm tập xác định của $k(x)$.
8,9,9,9,9,"Học sinh đã thực hiện đúng các bước để xác định tính chẵn lẻ của từng hàm số. Lập luận rõ ràng, sử dụng đúng các định nghĩa và tính chất của hàm số chẵn, lẻ. Có một chút nhầm lẫn nhỏ trong bước biến đổi của hàm g(x) ở lời giải của học sinh nhưng sau đó đã sửa lại trong phần kết luận. Tuy nhiên, đáp án chuẩn đã chỉ ra rõ ràng tập xác định của từng hàm số, điều này rất quan trọng để kết luận tính chẵn lẻ. Do đó, có thể cải thiện thêm bằng cách kiểm tra điều kiện tập xác định ngay từ đầu cho từng hàm.","Xét tính chẵn, lẻ của các hàm số sau: a) $f(x) = \frac{x^3 - x}{\cos(x)}$. b) $g(x) = |x+1| - |x-1|$. c) $h(x) = \ln(\frac{1-x}{1+x})$."
10,10,10,10,10,"Bài làm của học sinh rất tốt, đầy đủ các ý và lập luận chặt chẽ. Học sinh đã chứng minh được tập xác định, tập giá trị, tính đơn ánh và tìm được hàm số ngược một cách chính xác. Lời giải rõ ràng, dễ hiểu, thể hiện được sự nắm vững kiến thức.",Cho hàm số $f(x) = \frac{2x+1}{x-3}$. a) Tìm tập xác định và tập giá trị của hàm số. b) Chứng minh hàm số là đơn ánh (một-một). c) Tìm hàm số ngược $f^{-1}(x)$ và chỉ rõ tập xác định của nó.
10,10,10,10,10,"Lời giải của học sinh hoàn toàn chính xác, lập luận chặt chẽ và trình bày rõ ràng, tuân thủ đúng các yêu cầu của bài toán. Các bước giải đều logic và đạt được kết quả mong muốn.",Một hình chữ nhật có chu vi là 40 cm. a) Gọi $x$ là chiều dài của hình chữ nhật. Biểu diễn chiều rộng theo $x$. Tìm điều kiện của $x$. b) Viết công thức hàm số $A(x)$ biểu diễn diện tích hình chữ nhật theo chiều dài $x$. c) Tìm tập xác định và tập giá trị của hàm số diện tích $A(x)$ trong bối cảnh bài toán.
4,5,5,5,5,"Học sinh đã thực hiện đúng phần a), nhưng phần b) tính sai giá trị của f(2) và suy ra kết quả sai. Phần c) tuy có phân tích đúng tam thức nhưng lại quên mất điều kiện ban đầu của bài toán là $f(x) > 0$, dẫn đến kết quả chưa chính xác. Cần chú ý kiểm tra lại các phép tính, đặc biệt là giá trị tại điểm xác định và điều kiện của bất phương trình.",Cho hàm số $f(x) = x^2 - 4x + 3$. a) Tính $f(x+1)$ và rút gọn. b) Tính và rút gọn tỉ số $\frac{f(x) - f(2)}{x-2}$ với $x \neq 2$. Tỉ số này có ý nghĩa hình học là gì? c) Tìm các giá trị của $x$ để $f(x) > 0$.
10,10,10,10,10,"Học sinh đã giải quyết đúng tất cả các phần của bài toán. Lập luận rõ ràng, sử dụng đúng các công thức về chu kỳ hàm số lượng giác và công thức hạ bậc. Trình bày mạch lạc, dễ hiểu.","Tìm chu kỳ cơ sở (chu kỳ nhỏ nhất, dương) của các hàm số sau: a) $f(x) = \cos(4x)$. b) $g(x) = \tan(\frac{x}{2} + \frac{\pi}{3})$. c) $h(x) = \sin^2(x)$. Gợi ý: sử dụng công thức hạ bậc."
10,10,10,10,10,"Học sinh đã thực hiện đúng và đầy đủ các bước của bài toán. Lời giải rõ ràng, logic và chính xác về mặt toán học. Việc phân tích từng trường hợp để viết lại công thức hàm số ghép, xét tính chẵn lẻ và tìm giá trị nhỏ nhất đều được thực hiện một cách bài bản và hiệu quả.","Cho hàm số $f(x) = |x-2| + |x+2|$. a) Viết lại công thức của hàm số $f(x)$ dưới dạng hàm số ghép bằng cách xét dấu các biểu thức trong dấu giá trị tuyệt đối. b) Dựa vào công thức vừa tìm được, hãy xét tính chẵn, lẻ của hàm số. c) Tìm giá trị nhỏ nhất của hàm số."
10,10,10,10,10,"Học sinh đã trả lời đúng tất cả các phần của bài toán, đưa ra kết quả chính xác và quy trình lập luận rõ ràng, logic. Cách trình bày sạch sẽ, dễ hiểu, thể hiện sự nắm vững kiến thức về hàm hợp, tịnh tiến đồ thị và tiệm cận.",Cho hai hàm số $f(x) = x+1$ và $g(x) = \frac{1}{x}$. a) Tìm hàm hợp $h(x) = g(f(x))$. b) Dịch chuyển đồ thị hàm số $y = \frac{1}{x}$ như thế nào để được đồ thị của hàm số $y=h(x)$? c) Tìm tiệm cận đứng và tiệm cận ngang của đồ thị hàm số $y = h(x)$.
10,10,10,10,10,"Bài giải của học sinh đã trả lời đúng tất cả các phần của câu hỏi với lập luận chặt chẽ và chính xác. Cách trình bày rõ ràng, dễ hiểu. Học sinh đã hiểu đúng định nghĩa và áp dụng các quy tắc toán học một cách hiệu quả.","Một hàm số $f(x)$ được gọi là hàm tuần hoàn cộng tính (additive periodic) nếu tồn tại một số $T > 0$ sao cho $f(x+T) = f(x) + f(T)$ với mọi $x \in \mathbb{R}$. a) Chứng minh rằng nếu $f$ là hàm tuần hoàn cộng tính với chu kỳ $T$, thì $f(nT) = n \cdot f(T)$ với mọi số nguyên dương $n$. b) Giả sử $f(x)=cx$ với $c$ là một hằng số. Chứng minh rằng $f(x)$ là một hàm tuần hoàn cộng tính với mọi $T>0$. c) Hàm số $g(x)=x^2$ có phải là hàm tuần hoàn cộng tính không? Tại sao?"
10,10,10,10,10,"Lời giải của học sinh rất tốt, đầy đủ và chính xác. Các bước lập luận rõ ràng, việc áp dụng công thức và nhận dạng hàm số đều đúng. Không có điểm cần cải thiện.","Mọi hàm số $f(x)$ xác định trên một miền đối xứng $D$ đều có thể được phân tích duy nhất thành tổng của một hàm chẵn và một hàm lẻ. a) Cho $f_e(x) = \frac{f(x) + f(-x)}{2}$ và $f_o(x) = \frac{f(x) - f(-x)}{2}$. Chứng minh rằng $f_e(x)$ là hàm chẵn, $f_o(x)$ là hàm lẻ và $f(x) = f_e(x) + f_o(x)$. b) Áp dụng phân tích trên cho hàm số $f(x) = e^x$. c) Hai hàm số tìm được ở câu b có tên gọi là gì?"
10,10,10,10,10,"Lời giải của học sinh hoàn toàn chính xác và đầy đủ, cách trình bày rõ ràng, lập luận chặt chẽ và độ chính xác toán học cao.","Cho hàm số $f(x) = x^2 - 6x + 11$. a) Tìm tọa độ đỉnh của parabol $y=f(x)$ và chứng minh rằng hàm số không đơn ánh trên $\mathbb{R}$. b) Tìm một khoảng con $I$ lớn nhất của $\mathbb{R}$ chứa số 4 mà trên đó $f(x)$ là hàm đơn ánh. c) Với hàm số $f(x)$ bị thu hẹp trên miền $I$ đã tìm ở câu b, hãy tìm hàm ngược $f^{-1}(x)$ và tập xác định của nó."
10,9,9,9,9,"Học sinh đã trả lời đúng tất cả các phần của bài toán. Lập luận và trình bày rõ ràng, chính xác. Tuy nhiên, có một số điểm nhỏ cần lưu ý: 
- Phần c) mô tả đoạn thẳng trên $[-2, -1)$ là từ $(-2, 0)$ đến $(-1, 1)$, thực tế điểm $(-1, 1)$ không thuộc đoạn này vì tại $x=-1$, $f(-1)=0$. Đồ thị chính xác phải là đoạn thẳng từ $(-2, 0)$ đến gần $(-1, 1)$ (không bao gồm điểm cuối), và một điểm tại $(-1, 0)$. Tuy nhiên, với hình ảnh minh họa kèm theo, ý tưởng đã được truyền đạt tốt.
- Nhận xét ""Đỉnh tại x=1 là f(1)=0, không phải 1"" tuy đúng nhưng có thể gây nhầm lẫn. Hàm số có giá trị là 0 tại mọi số nguyên, và đạt cận trên là 1 nhưng không bao giờ bằng 1.","Xét hàm số $f(x) = x - \lfloor x \rfloor$, trong đó $\lfloor x \rfloor$ là hàm phần nguyên của $x$ (số nguyên lớn nhất không vượt quá $x$). a) Tìm tập xác định và tập giá trị của hàm số. b) Chứng minh rằng $f(x)$ là hàm tuần hoàn. Tìm chu kỳ cơ sở $T$ của nó. c) Vẽ đồ thị của hàm số trên đoạn $[-2, 2]$."
10,10,10,10,10,"Học sinh đã giải đúng và đầy đủ tất cả các phần của bài toán. Lập luận rõ ràng, trình bày mạch lạc và chính xác về mặt toán học.","Cho hàm số $f(x)$ thỏa mãn phương trình hàm: $f(x) + 2f(\frac{1}{x}) = 3x$ với mọi $x \neq 0$. a) Bằng cách thay $x$ bởi $\frac{1}{x}$, hãy tạo ra một phương trình thứ hai liên hệ giữa $f(x)$ và $f(\frac{1}{x})$. b) Giải hệ phương trình gồm phương trình ban đầu và phương trình mới tìm được để suy ra công thức tường minh cho $f(x)$. c) Tính $f(2)$ và $f(1/2)$."
5,6,7,6,6,"Phần a của bạn đã phát hiện ra sự không khớp giữa kết quả tính toán và đề bài, điều này rất tốt. Tuy nhiên, bạn đã không tìm cách giải quyết hoặc chỉ ra cách sửa đề để bài toán có ý nghĩa. Thay vào đó, bạn đã chuyển sang phần b. Ở phần b, bạn đã tìm đúng tâm đối xứng, nhưng cách biến đổi ban đầu hơi phức tạp. Đáp án chuẩn đã chỉ ra cách biến đổi $f(x)$ một cách gọn gàng hơn. Độ chính xác trong tính toán ở phần a của bạn có một chút sai sót dẫn đến việc xác định sai điểm đối xứng ban đầu.","Một hàm số được gọi là đối xứng qua điểm $I(a, b)$ nếu $f(a-x) + f(a+x) = 2b$ với mọi $x$ sao cho $a-x$ và $a+x$ thuộc tập xác định. a) Chứng minh rằng hàm số $f(x) = x^3 - 6x^2 + 12x - 7$ đối xứng qua điểm $I(2, 1)$. Gợi ý: viết lại $f(x)$ theo $(x-2)$. b) Tìm tâm đối xứng của hàm số $g(x) = \frac{2x+1}{x-1}$."
8,8,8,8,8,"Học sinh đã xác định đúng tập xác định của các hàm số và rút gọn biểu thức các hàm hợp một cách chính xác. Phần so sánh $k(x)$ và $x$ cũng có lập luận đúng là chúng không bằng nhau. Tuy nhiên, phần dự đoán tập xác định của $f(g(x))$ và $g(f(x))$ chưa đầy đủ và rõ ràng như đáp án chuẩn. Ngoài ra, cách giải thích sự không bằng nhau của $k(x)$ và $x$ ở dự đoán chỉ dừng lại ở việc dùng khai triển Taylor mà chưa đưa ra một ví dụ phản chứng cụ thể như đáp án chuẩn.","Cho hai hàm số $f(x)=\sqrt{1-x^2}$ và $g(x)=\sin(x)$. a) Tìm tập xác định của $f(x)$, $g(x)$, $f(g(x))$ và $g(f(x))$. b) Rút gọn biểu thức của các hàm hợp $h(x) = f(g(x))$ và $k(x) = g(f(x))$. c) So sánh $k(x)$ và $x$. Chúng có bằng nhau không? Tại sao?"
10,9,9,9,9,"Học sinh đã giải quyết đúng tất cả các phần của bài toán. Phần tập xác định và chứng minh hàm lẻ được trình bày rõ ràng và chính xác. Phần tìm hàm ngược, học sinh đã có ý tưởng đúng khi biến đổi và dự đoán kết quả, tuy nhiên, quá trình biến đổi để đi đến kết quả cuối cùng còn hơi phức tạp so với cách giải thông thường. Có thể rút gọn bước biến đổi để làm cho bài làm mạch lạc hơn.","Cho hàm số $f(x) = \ln(x + \sqrt{x^2+1})$. a) Tìm tập xác định của hàm số. b) Chứng minh rằng $f(x)$ là một hàm số lẻ. c) Tìm hàm ngược $f^{-1}(x)$. Gợi ý: đặt $y = f(x)$, biến đổi để được $e^y$, sau đó giải phương trình tìm $x$."
10,10,10,10,10,"Lời giải của học sinh rất đầy đủ, chính xác và logic. Các bước tính toán, tìm tập xác định và dự đoán công thức đều đúng và được trình bày rõ ràng.",Cho hàm số $f(x) = \frac{1}{1-x}$. a) Tính các hàm hợp $f_2(x) = (f \circ f)(x) = f(f(x))$ và $f_3(x) = (f \circ f \circ f)(x) = f(f_2(x))$. b) Tìm tập xác định của $f_2(x)$ và $f_3(x)$. c) Dự đoán công thức của $f_n(x) = (f \circ f \circ ... \circ f)(x)$ (n lần).
10,10,10,10,10,"Bài giải của học sinh rất tốt, logic rõ ràng, các bước giải chi tiết và chính xác. Cả ba phần a, b, c đều được giải quyết đúng và đầy đủ, với cách trình bày dễ hiểu.",Một vật được ném lên từ mặt đất với vận tốc ban đầu $v_0 = 40$ m/s. Độ cao $h$ (tính bằng mét) của vật so với mặt đất sau $t$ giây được cho bởi hàm số $h(t) = 40t - 5t^2$. a) Tìm tập xác định của hàm số $h(t)$ trong bối cảnh thực tế của bài toán (tức là khi vật còn ở trên không). b) Tìm thời điểm vật đạt độ cao lớn nhất và tính độ cao đó. c) Tìm tập giá trị của hàm số $h(t)$ tương ứng với tập xác định đã tìm ở câu a.
9,8,8,9,8,"Học sinh đã phân tích đúng các hàm số hợp và đưa ra các nhận định chính xác về tính tuần hoàn và tính chẵn lẻ. Tuy nhiên, ở phần a) về vẽ phác thảo đồ thị, học sinh mô tả chưa rõ nét hình dạng và đặc điểm của đồ thị so với đáp án chuẩn. Phần lập luận về chu kỳ của hàm h(x) có thể chi tiết hơn. Về mặt toán học, các ký hiệu và biểu diễn đều chính xác.","Cho hai hàm số $f(x)=|x|$ và $g(x)=\cos(x)$. a) Vẽ phác thảo đồ thị của hai hàm số $y=f(g(x))$ và $y=g(f(x))$ trên cùng một hệ trục tọa độ. b) Hàm số $h(x) = f(g(x))$ có tuần hoàn không? Nếu có, chu kỳ cơ sở là bao nhiêu? c) Hàm số $k(x) = g(f(x))$ có phải là hàm chẵn không? Tại sao?"
10,10,10,10,10,"Bài giải của học sinh rất tốt, trình bày rõ ràng, logic và chính xác từng bước. Các lập luận đều dựa trên định nghĩa và các tính chất đã chứng minh, thể hiện sự hiểu biết sâu sắc về phương trình hàm Cauchy.","Một hàm số $f: \mathbb{R} \to \mathbb{R}$ được gọi là thỏa mãn phương trình hàm Cauchy nếu $f(x+y) = f(x) + f(y)$ với mọi $x, y \in \mathbb{R}$. a) Chứng minh rằng $f(nx) = n f(x)$ với mọi số nguyên $n$ và mọi $x \in \mathbb{R}$. b) Từ kết quả câu a, chứng minh rằng $f(qx) = q f(x)$ với mọi số hữu tỉ $q$ và mọi $x \in \mathbb{R}$. c) Nếu thêm giả thiết $f$ liên tục tại ít nhất một điểm, có thể suy ra rằng $f(x)=cx$ với $c$ là hằng số. Hãy chứng minh điều này bằng cách chứng tỏ $f(x) = f(1) \cdot x$ với mọi $x \in \mathbb{R}$."
9,9,9,9,9,"Lời giải chi tiết, rõ ràng và đúng đắn cho tất cả các phần của bài toán. Phần b) có thể diễn giải rõ hơn bước chứng minh $f(x)=x$ hoặc $f(x)=k-x$ từ $g(x)=0$ hoặc $g(x)=k$. Tuy nhiên, lập luận và kết quả đều chính xác.","Một hàm số $f(x)$ được gọi là một phép đối hợp (involution) nếu nó là hàm ngược của chính nó, tức là $(f \circ f)(x) = x$ với mọi $x$ trong tập xác định. a) Cho hàm $f(x) = \frac{ax+b}{cx-a}$. Tìm điều kiện của các hằng số $a, b, c$ để $f(x)$ là một phép đối hợp. b) Chứng minh rằng nếu $f(x)$ là một phép đối hợp và đơn điệu trên $\mathbb{R}$, thì $f(x)$ phải là hàm đồng nhất $f(x)=x$ hoặc là hàm $f(x)=k-x$ với $k$ là hằng số. c) Đồ thị của một phép đối hợp có tính chất hình học đặc biệt nào?"
10,10,10,10,10,"Bài giải của học sinh rất tốt, logic, chính xác và đầy đủ. Các bước lập luận rõ ràng, sử dụng đúng các định nghĩa và kiến thức về giới hạn, liên tục và hàm tuần hoàn. Đặc biệt, phần chứng minh không có chu kỳ cơ sở và xác định điểm liên tục là xuất sắc.",Xét hàm Dirichlet $D(x) = \begin{cases} 1 & \text{khi } x \in \mathbb{Q} \\ 0 & \text{khi } x \in \mathbb{R} \setminus \mathbb{Q} \end{cases}$. a) Tìm tập giá trị của hàm số. Hàm số có chẵn hoặc lẻ không? b) Chứng minh rằng $D(x)$ là một hàm tuần hoàn. Một chu kỳ của nó là gì? Hàm số có chu kỳ cơ sở (chu kỳ dương nhỏ nhất) không? c) Xét hàm số $f(x) = x \cdot D(x)$. Tìm tất cả các điểm $x_0$ mà tại đó $f(x)$ liên tục (Kiến thức về giới hạn và liên tục được sử dụng).
10,10,10,10,10,"Bài giải rất tốt, đầy đủ và chính xác. Học sinh đã vận dụng đúng khái niệm đạo hàm để chứng minh tính đơn điệu, từ đó suy ra tính đơn ánh. Việc tính giá trị hàm ngược và chứng minh mối liên hệ giữa nghiệm của $f(x) = f^{-1}(x)$ và $f(x) = x$ đều được thực hiện một cách logic và chuẩn xác.","Cho hàm số $f(x) = x^5 + x - 1$. a) Sử dụng khái niệm đạo hàm (hoặc lập luận về tính đơn điệu), chứng minh rằng $f(x)$ là hàm đơn ánh trên $\mathbb{R}$. b) Do $f$ là đơn ánh, nó có hàm ngược $f^{-1}(x)$. Không cần tìm công thức của $f^{-1}(x)$, hãy tính giá trị $f^{-1}(1)$ và $f^{-1}(-3)$. c) Chứng minh rằng phương trình $f(x) = f^{-1}(x)$ có nghiệm và nghiệm đó cũng là nghiệm của phương trình $f(x)=x$. Tìm nghiệm đó."
10,9,9,9,9,"Lời giải của học sinh rất tốt, trình bày rõ ràng và logic. Học sinh đã chứng minh đúng các phần a) và c). Ở phần b), học sinh đã xác định được điều kiện cần và đủ để hàm g(x) là quasi-periodic khi bT là bội nguyên của 2π, tuy nhiên, lập luận về việc tại sao điều kiện bT là bội nguyên của 2π là đủ có thể làm rõ hơn. Các bước tính toán đều chính xác.",Một hàm số $f(x)$ xác định trên $\mathbb{R}$ được gọi là 'quasi-periodic' với hệ số $k>0$ và chu kỳ $T>0$ nếu $f(x+T) = k \cdot f(x)$ với mọi $x$. a) Cho $f(x) = a^x$. Chứng minh rằng $f(x)$ là quasi-periodic và tìm hệ số $k$ tương ứng với một chu kỳ $T$ cho trước. b) Cho $g(x) = a^x \sin(bx)$. Chứng minh $g(x)$ là quasi-periodic nếu $bT$ là một bội nguyên của $2\pi$. c) Giả sử $f(x)$ là một hàm quasi-periodic với $k=1$. Hàm số có tên gọi là gì?
9,9,9,9,9,"Học sinh đã giải quyết tốt hầu hết các phần của bài toán. Phần a) có một chút nhầm lẫn trong điều kiện của c, nhưng phần lớn đã đúng. Các phần b) và c) được giải quyết chính xác và rõ ràng. Lập luận chặt chẽ và trình bày dễ hiểu.","Cho hàm số $f_c(x) = x^2+c$, với $c$ là hằng số. Xét dãy lặp $x_{n+1} = f_c(x_n)$ với $x_0=0$. Dãy này có thể hội tụ, phân kỳ hoặc hỗn loạn tùy thuộc vào giá trị của $c$. a) Tìm các giá trị của $c$ để dãy có điểm cố định ổn định (stable fixed point), tức là tồn tại $x^*$ sao cho $f_c(x^*) = x^*$ và $|f_c'(x^*)| < 1$. b) Với $c=-1$, tính các giá trị $x_1, x_2, x_3, x_4$. Dãy này có biểu hiện gì? c) Với $c=-2$, chứng minh rằng nếu ta chọn $x_0 = 2\cos(\theta)$, thì $x_n = 2\cos(2^n \theta)$. Mô tả hành vi của dãy trong trường hợp này."
8,7,8,7,7,"Học sinh đã xác định đúng bậc của các hàm hợp và tích. Tuy nhiên, ở phần a) về tổng hai đa thức, học sinh chưa xét hết trường hợp khi bậc của hai đa thức bằng nhau. Phần c) có suy luận đúng về hệ số cao nhất, tuy nhiên, việc chứng minh ""nếu n, m > 1 thì phải có n=m"" chưa đầy đủ và có thể dẫn đến hiểu lầm khi chỉ xét các ví dụ đơn giản. Cần phân tích sâu hơn về ảnh hưởng của các hệ số khác để chứng minh chặt chẽ mệnh đề này.","Cho hai hàm số $f(x)$ và $g(x)$ là các đa thức bậc $n$ và $m$ tương ứng, với $n,m \ge 1$. a) Xác định bậc của các hàm số $h(x) = f(x) + g(x)$ và $k(x) = f(x)g(x)$. b) Xác định bậc của hàm hợp $p(x) = (f \circ g)(x)$. c) Nếu $f \circ g = g \circ f$, điều này có ý nghĩa gì về bậc của $f$ và $g$? Chứng minh rằng nếu $n, m > 1$ thì phải có $n=m$."
10,10,10,10,10,"Lời giải chi tiết, chính xác và rõ ràng. Học sinh đã áp dụng đúng các quy tắc của hàm Ackermann và tìm ra quy luật cho trường hợp c) một cách hợp lý.","Hàm số Ackermann là một ví dụ về hàm tính được (computable) nhưng không phải là hàm đệ quy nguyên thủy, nổi tiếng vì tốc độ tăng trưởng cực nhanh. Một phiên bản đơn giản của nó là: $ A(m, n) = \begin{cases} n+1 & \text{nếu } m=0 \\ A(m-1, 1) & \text{nếu } m>0 \text{ và } n=0 \\ A(m-1, A(m, n-1)) & \text{nếu } m>0 \text{ và } n>0 \end{cases} $ a) Tính $A(1, 2)$. b) Tính $A(2, 1)$. c) Tìm một biểu thức tường minh cho $A(1, n)$ theo $n$."
10,10,10,10,10,"Bài giải của học sinh rất tốt, chứng minh chặt chẽ và logic cho từng phần của bài toán. Các bước lập luận rõ ràng, sử dụng đúng định nghĩa và tính chất của hàm lồi. Việc trình bày mạch lạc giúp người đọc dễ dàng theo dõi. Không có lỗi sai sót về mặt toán học.","Một hàm số $f: \mathbb{R} \to \mathbb{R}$ được gọi là lồi (convex) nếu với mọi $x_1, x_2 \in \mathbb{R}$ và mọi $t \in [0, 1]$, bất đẳng thức sau được thỏa mãn: $f(tx_1 + (1-t)x_2) \le tf(x_1) + (1-t)f(x_2)$. a) Chứng minh rằng hàm $f(x)=ax+b$ vừa lồi vừa lõm (lõm khi bất đẳng thức đổi chiều). b) Chứng minh rằng hàm $g(x)=x^2$ là hàm lồi. c) Nếu $f$ và $g$ là hai hàm lồi và $f$ là hàm không giảm, chứng minh rằng hàm hợp $h(x) = f(g(x))$ cũng là hàm lồi."
7,7,7,7,7,"Học sinh đã trình bày đúng các bước chứng minh cho phần a và b. Tuy nhiên, ở phần c, học sinh đã có sự nhầm lẫn ban đầu về kết quả của $\Delta_1^n x^n$ và đã phải sửa lại. Việc chứng minh công thức tường minh $\sum_{k=0}^n (-1)^{n-k} \binom{n}{k} (x+k)^n$ là quan trọng nhưng chưa được kết nối rõ ràng với kết quả $n!$. Cần làm rõ rằng biểu thức đó chính là $n!$ cho $f(x)=x^n$.","Cho $P_n$ là tập hợp tất cả các đa thức có bậc không vượt quá $n$. Xét toán tử 'dịch chuyển' $S_a$ và toán tử 'sai phân' $\Delta_a$ trên $P_n$, định nghĩa bởi: $(S_a f)(x) = f(x+a)$ và $(\Delta_a f)(x) = f(x+a)-f(x)$. a) Chứng minh rằng nếu $f \in P_n$ thì $\Delta_a f \in P_{n-1}$ (với $n \ge 1$). b) $\Delta_a^k f$ được định nghĩa là áp dụng toán tử $\Delta_a$ liên tiếp $k$ lần. Chứng tỏ rằng $\Delta_a^{n+1} f = 0$ với mọi $f \in P_n$. c) Sử dụng khai triển Newton cho $(x+y)^n$, hãy tìm một công thức tường minh cho $(\Delta_1^n f)(x)$ khi $f(x)=x^n$."
10,10,10,10,10,"Bài làm của học sinh đã giải quyết đầy đủ các yêu cầu của đề bài một cách chính xác. Cách trình bày rõ ràng, logic, từng bước tính toán đều đúng đắn. Phần giải thích về sự hội tụ cũng rất tốt.",Cho một dãy số được định nghĩa bằng công thức truy hồi (cấp số cộng): $a_1 = 3$ và $a_{n+1} = a_n + 2$ với $n \ge 1$. a) Viết 5 số hạng đầu tiên của dãy. b) Tìm công thức tổng quát (số hạng thứ n) cho $a_n$. c) Dãy số này có hội tụ không? Giải thích tại sao.
10,9,9,10,9,Học sinh đã trả lời đúng tất cả các phần của bài toán và có lập luận chính xác. Phần trình bày trên trục số có thể chi tiết hơn một chút về sự tiến lại gần số 0 để đạt điểm tối đa về độ rõ ràng và tính chính xác toán học.,"Xét dãy số đan dấu $a_n = \frac{(-1)^n}{n}$. a) Liệt kê 6 số hạng đầu tiên của dãy và biểu diễn chúng trên trục số. b) Dãy số này có bị chặn không? Nếu có, hãy chỉ ra chặn trên và chặn dưới. c) Tìm giới hạn $\lim_{n \to \infty} a_n$."
10,10,10,10,10,"Bài giải của học sinh hoàn toàn chính xác và đầy đủ, tuân thủ đúng các bước giải của bài toán. Lập luận rõ ràng, trình bày sạch sẽ và sử dụng ngôn ngữ toán học chính xác.","Cho dãy số $a_n = \frac{3n+1}{n}$. a) Viết lại công thức của $a_n$ bằng cách chia tử cho mẫu. b) Dựa vào công thức mới, hãy xét tính đơn điệu của dãy số (tăng hay giảm). c) Tìm giới hạn của dãy số."
10,10,10,10,10,"Lời giải của học sinh rất xuất sắc, bám sát yêu cầu của bài toán và thực hiện đúng các bước của Nguyên lý kẹp. Lập luận chặt chẽ, trình bày rõ ràng, chính xác về mặt toán học. Đáp án cuối cùng là chính xác.","Sử dụng Nguyên lý kẹp để tìm giới hạn của dãy số $a_n = \frac{\cos(n^2)}{n+1}$. a) Tìm một chặn trên và một chặn dưới cho tử số $\cos(n^2)$. b) Dựa vào câu a, xây dựng bất đẳng thức kẹp cho $a_n$. c) Tính giới hạn của hai dãy số kẹp và suy ra giới hạn của $a_n$."
10,10,10,10,10,"Bài làm của học sinh rất tốt, đã thực hiện đầy đủ các yêu cầu của đề bài với lập luận chặt chẽ và trình bày rõ ràng. Các bước tính toán đều chính xác.","Cho dãy số $a_n = \sqrt{n+1} - \sqrt{n}$. a) Tính các giá trị $a_1, a_4, a_9$. Nhận xét về giá trị của chúng. b) Nhân và chia với biểu thức liên hợp để tìm một biểu thức tương đương cho $a_n$. c) Dựa vào biểu thức mới, hãy tìm giới hạn của dãy số."
10,10,10,10,10,"Học sinh đã trả lời đúng tất cả các phần của bài toán và trình bày logic, chính xác.",Cho dãy số $a_n = \frac{n!}{ (n+1)! }$. a) Hãy viết rõ định nghĩa của $(n+1)!$ theo $n!$. b) Sử dụng kết quả câu a để rút gọn biểu thức của $a_n$. c) Tìm giới hạn của dãy số.
9,9,9,9,9,"Học sinh đã tính toán đúng các số hạng đầu, xác định đúng tính đơn điệu của dãy và tìm đúng giới hạn của dãy. Tuy nhiên, trong phần a, học sinh đã bắt đầu tính từ $a_0$ trong khi đề bài không nói rõ bắt đầu từ chỉ số nào, và đáp án chuẩn bắt đầu từ $a_1$. Việc bắt đầu từ $a_0$ là một cách hiểu khác có thể chấp nhận được, nhưng để đảm bảo tính nhất quán với đáp án chuẩn và tránh nhầm lẫn, nên bắt đầu từ chỉ số được quy ước (thường là $n=1$ hoặc $n=0$ tùy đề bài). Cách lập luận cho tính đơn điệu và hội tụ là hoàn toàn chính xác và rõ ràng.","Cho dãy số là một cấp số nhân: $a_n = 5 \cdot (\frac{2}{3})^n$. a) Viết 4 số hạng đầu tiên của dãy. b) Dãy số này đơn điệu tăng hay giảm? Tại sao? c) Dãy số có hội tụ không? Nếu có, giới hạn là bao nhiêu?"
10,10,10,10,10,"Bài giải hoàn hảo, đúng hết các phần, lập luận chặt chẽ, trình bày rõ ràng và chính xác về mặt toán học.","Xét dãy số $a_n = \frac{3^n}{n!}$. a) Tính các số hạng $a_1, a_2, a_3, a_4, a_5$. b) So sánh $a_{n+1}$ và $a_n$ khi $n \ge 3$. Dãy số có đơn điệu giảm kể từ một số hạng nào đó không? c) Dự đoán giới hạn của dãy số."
10,10,10,10,10,"Bài giải rất tốt, đầy đủ và chính xác ở cả 3 phần. Lập luận logic, trình bày rõ ràng và sử dụng ngôn ngữ toán học chuẩn xác. Đặc biệt, phần giải thích định nghĩa giới hạn rất dễ hiểu và đúng bản chất.",Cho dãy số $a_n = c$ (với $c$ là một hằng số). a) Viết 5 số hạng đầu tiên của dãy. b) Dãy số này có bị chặn không? Có đơn điệu không? c) Dùng định nghĩa giới hạn (một cách không chính thức) để giải thích tại sao $\lim_{n \to \infty} a_n = c$.
10,10,10,10,10,"Bài làm của học sinh rất tốt, trả lời đầy đủ và chính xác các yêu cầu của đề bài. Các bước phân tích và tính toán rõ ràng, logic. Nhận xét về dạng vô định $\frac{\infty}{\infty}$ cũng rất chuẩn xác.",Cho hai dãy số $a_n = n$ và $b_n = n^2$. a) Cả hai dãy số có hội tụ không? b) Xét dãy thương $c_n = \frac{a_n}{b_n}$. Tìm công thức của $c_n$ và tính giới hạn của nó. c) Xét dãy thương $d_n = \frac{b_n}{a_n}$. Tìm công thức của $d_n$ và tính giới hạn của nó. Bài toán này minh họa điều gì về dạng vô định $\frac{\infty}{\infty}$?
10,10,10,10,10,"Bài giải rất tốt, các bước lập luận rõ ràng, chính xác và đầy đủ. Cách trình bày từng phần a, b, c cũng rất logic và dễ hiểu. Việc sử dụng phương pháp hàm số để chứng minh tính tăng của dãy trong phần b là một cách làm sáng tạo và hiệu quả.","Cho dãy số $(a_n)$ được xác định bởi công thức truy hồi: $a_1 = \sqrt{6}$ và $a_{n+1} = \sqrt{6+a_n}$ với $n \ge 1$. Dãy số này hội tụ. a) Bằng quy nạp, chứng minh rằng $a_n < 3$ với mọi $n \ge 1$ (dãy bị chặn trên). b) Chứng minh rằng dãy $(a_n)$ là một dãy số tăng. c) Dựa vào Định lý đơn điệu hội tụ, dãy số có giới hạn. Hãy tìm giới hạn đó."
10,10,10,10,10,"Học sinh đã phân tích bài toán, thực hiện các bước biến đổi và tính toán giới hạn một cách chính xác và rõ ràng. Lời giải hoàn toàn trùng khớp với đáp án chuẩn.","Sử dụng định nghĩa số e, $e = \lim_{n \to \infty} (1+\frac{1}{n})^n$, để tính giới hạn của dãy số $a_n = (\frac{n+2}{n})^{3n}$. a) Viết lại biểu thức bên trong dấu ngoặc dưới dạng $(1 + \frac{A}{B_n})$. b) Biến đổi số mũ để làm xuất hiện dạng chuẩn của số e. c) Tính giới hạn cuối cùng."
10,10,10,10,10,"Bài giải của học sinh rất tốt, đầy đủ và chính xác. Lập luận rõ ràng, trình bày khoa học. Cách phân tích thành phân thức đơn giản và nhận ra đây là tổng lồng nhau là chính xác. Kết quả tìm được cũng hoàn toàn trùng khớp với đáp án chuẩn.","Cho dãy số $(a_n)$ được định nghĩa bởi tổng $a_n = \sum_{k=1}^{n} \frac{1}{k(k+1)}$. a) Sử dụng phương pháp phân tích thành phân thức đơn giản, viết lại số hạng $\frac{1}{k(k+1)}$. b) Viết tường minh tổng $a_n$ và rút gọn (đây là một tổng 'lồng nhau' hay 'triệt tiêu' - telescoping sum). c) Tìm giới hạn của dãy $(a_n)$."
10,10,10,10,10,"Lời giải của học sinh rất tốt, trình bày rõ ràng, mạch lạc và tuân thủ đúng các bước của đề bài đưa ra. Việc sử dụng Nguyên lý kẹp để đánh giá biểu thức còn lại là chính xác.",Tìm giới hạn của dãy số $a_n = (2^n + 5^n)^{\frac{1}{n}}$. a) Rút nhân tử chung là số hạng có cơ số lớn nhất ra khỏi dấu ngoặc. b) Sử dụng Nguyên lý kẹp để đánh giá biểu thức còn lại. c) Kết hợp các kết quả để tìm giới hạn của $a_n$.
10,10,10,10,10,"Lời giải chi tiết, đầy đủ và chính xác, tuân thủ đúng các bước giải bài toán về dãy số và phương pháp Newton để tìm căn bậc hai. Các phép tính và lập luận đều đúng đắn.","Xét dãy số được định nghĩa bởi $x_1 = 1$ và $x_{n+1} = \frac{1}{2}(x_n + \frac{4}{x_n})$. Dãy này được dùng trong phương pháp Newton để tìm căn bậc hai. a) Tính $x_2, x_3$. b) Giả sử dãy số hội tụ về giới hạn $L > 0$. Tìm giá trị của $L$. c) Dãy số này hội tụ về giá trị nào?"
10,10,10,10,10,"Học sinh đã giải đúng tất cả các phần của bài toán và xác định chính xác hai dạng vô định được minh họa. Lập luận rõ ràng, trình bày mạch lạc và độ chính xác toán học cao.",Cho hai dãy số $(a_n)$ và $(b_n)$ xác định bởi $a_n = 1 + \frac{1}{n}$ và $b_n = n$. a) Tìm giới hạn của $(a_n)$ và $(b_n)$. b) Tìm giới hạn của dãy tích $(c_n) = (a_n - 1)b_n$. c) Tìm giới hạn của dãy lũy thừa $(d_n) = (a_n)^{b_n}$. Bài toán này minh họa hai dạng vô định nào?
0,0,0,0,0,Học sinh đã đưa ra một dự đoán sai lầm và không thực hiện bất kỳ bước giải nào cho bài toán. Dự đoán này hoàn toàn không dựa trên cơ sở toán học nào và mâu thuẫn với yêu cầu của đề bài là tìm giới hạn của các dãy con và xét sự hội tụ của dãy số.,Xét dãy số có các số hạng chẵn và lẻ được cho bởi các công thức khác nhau: $ a_n = \begin{cases} \frac{n}{n+1} & \text{nếu n là số chẵn} \\ 2 - \frac{1}{n} & \text{nếu n là số lẻ} \end{cases} $ a) Viết 6 số hạng đầu của dãy. b) Tìm giới hạn của dãy con các số hạng chẵn $(a_{2k})$. c) Tìm giới hạn của dãy con các số hạng lẻ $(a_{2k-1})$. Dãy $(a_n)$ có hội tụ không?
10,10,10,10,10,"Bài giải của học sinh đã thực hiện đầy đủ các yêu cầu của đề bài, trình bày rõ ràng, lập luận logic và chính xác. Các bước tính toán và kết luận đều đúng với đáp án chuẩn.","Tìm giới hạn của dãy số $a_n = \frac{n^{100}}{2^n}$. a) Xét tỉ số $T = \frac{a_{n+1}}{a_n}$ và tìm giới hạn của tỉ số này khi $n \to \infty$. b) Nếu $\lim_{n \to \infty} |\frac{a_{n+1}}{a_n}| < 1$, có thể kết luận điều gì về $\lim_{n \to \infty} a_n$? c) Áp dụng kết luận trên để tìm giới hạn của dãy $(a_n)$."
7,6,7,6,6,"Bài giải đã thực hiện đúng các bước a) và b). Tuy nhiên, ở bước c), phần chứng minh lim b_n = +∞ có sự nhầm lẫn trong việc áp dụng định lý Stolz-Cesàro. Lời giải đã tự sửa sai và đưa ra cách tiếp cận so sánh với tích phân, tuy nhiên cách trình bày ""Sai! Đây là một lỗi nghiêm trọng."" hơi thiếu chuyên nghiệp. Điểm accuracy bị ảnh hưởng do lỗi áp dụng định lý ban đầu. Điểm reasoning bị ảnh hưởng do quy trình lập luận có đoạn không chính xác.","Cho dãy các trung bình nhân $a_n = (1 \cdot 2 \cdot ... \cdot n)^{\frac{1}{n}} = \sqrt[n]{n!}$. a) Viết 4 số hạng đầu của dãy. b) Cho dãy $b_n = \ln(a_n)$. Viết công thức của $b_n$ dưới dạng một tổng. c) Sử dụng định lý Stolz-Cesàro (hoặc kiến thức về tích phân), có thể chứng minh $\lim_{n \to \infty} b_n = +\infty$. Dựa vào kết quả này, hãy tìm $\lim_{n \to \infty} a_n$."
10,10,9,10,10,"Bài giải trình bày rõ ràng, logic, các bước tính toán và chứng minh đều chính xác. Việc sử dụng bất đẳng thức AM-GM là phù hợp và thể hiện sự hiểu biết sâu sắc về bài toán. Phần dự đoán ban đầu cũng rất tốt. Chỉ có một điểm nhỏ về việc tính toán giới hạn có thể chi tiết hơn một chút để đạt điểm tuyệt đối ở phần clarity.","Hai người A và B chơi một trò chơi. Họ bắt đầu với hai số $(a_0, b_0)$. Ở mỗi bước, họ tạo ra một cặp số mới theo quy tắc: $a_{n+1} = \frac{a_n+b_n}{2}$ (trung bình cộng) và $b_{n+1} = \sqrt{a_n b_n}$ (trung bình nhân). Cho $a_0 = 1$ và $b_0 = 4$. a) Tính $(a_1, b_1)$ và $(a_2, b_2)$. b) Chứng minh rằng $a_n \ge b_n$ với mọi $n \ge 1$. c) Dãy $(a_n)$ đơn điệu giảm và dãy $(b_n)$ đơn điệu tăng. Cả hai dãy này hội tụ đến cùng một giới hạn. Hãy giải thích tại sao."
10,8,8,8,9,"Học sinh đã nhận diện đúng dạng vô định, áp dụng định lý Stolz-Cesàro và tính toán gần như chính xác. Có một vài lỗi nhỏ trong quá trình tính toán và lập luận ban đầu, tuy nhiên đã tự sửa và đưa ra kết quả đúng. Câu c) cũng trả lời đúng. Điểm trừ chủ yếu do các bước tính toán sai ở lần đầu áp dụng định lý Stolz-Cesàro, mặc dù sau đó đã sửa lại.","Cho dãy số $(x_n)$ được xác định bởi $x_n = \frac{1^p + 2^p + ... + n^p}{n^{p+1}}$ với $p$ là một số nguyên dương cho trước. a) Nhận dạng giới hạn này có dạng vô định gì. b) Định lý Stolz-Cesàro phát biểu rằng nếu dãy $(y_n)$ tăng nghiêm ngặt đến $+\infty$ và giới hạn $\lim_{n \to \infty} \frac{x_{n+1}-x_n}{y_{n+1}-y_n}$ tồn tại, thì $\lim_{n \to \infty} \frac{x_n}{y_n}$ cũng tồn tại và bằng giới hạn đó. Hãy áp dụng định lý này để tính giới hạn của dãy $(x_n)$. c) Giới hạn có phụ thuộc vào $p$ không?"
4,5,6,4,5,"Phần a) tính sai một số hạng đầu (x5, x6, x7, x8). Phần b) có vẻ nhầm lẫn trong việc tính giới hạn của các dãy con, dẫn đến việc tìm sai điểm tụ (bỏ sót điểm tụ 2 và tính sai giới hạn là 1 thay vì 2 cho dãy con n=4k+2 và n=4k). Phần c) cũng sai theo phần b). Cần kiểm tra lại các giá trị sin và cách tính giới hạn.","Xét dãy số $x_n = (1+\sin(\frac{n\pi}{2}))\frac{n-1}{n}$. a) Viết 8 số hạng đầu của dãy. b) Một điểm tụ (cluster point) của một dãy là giới hạn của một dãy con nào đó của nó. Hãy tìm tất cả các điểm tụ của dãy $(x_n)$. c) Giới hạn trên (limsup) là điểm tụ lớn nhất, và giới hạn dưới (liminf) là điểm tụ nhỏ nhất. Tìm $\limsup_{n \to \infty} x_n$ và $\liminf_{n \to \infty} x_n$. Dãy có hội tụ không?"
10,9,9,9,9,"Lời giải của học sinh rất tốt và gần như hoàn chỉnh. Tuy nhiên, ở câu b, việc sử dụng ""≤ ∑k=n+1^∞ 1/k^2"" là chưa hoàn toàn chặt chẽ như đáp án chuẩn là ""≤ ∑k=n+1^m 1/k^2"". Ở câu c, cách lập luận dựa trên tính hội tụ của dãy tổng riêng là đúng, nhưng có thể làm rõ hơn một chút về việc dãy số đã cho bị chặn bởi một dãy hội tụ.","Một dãy số $(x_n)$ được gọi là dãy Cauchy nếu với mọi $\epsilon > 0$, tồn tại số tự nhiên $N$ sao cho với mọi $m, n > N$, ta có $|x_m - x_n| < \epsilon$. Cho dãy số $x_n = \sum_{k=1}^{n} \frac{\cos(k)}{k^2}$. a) Giả sử $m > n$. Viết biểu thức cho $|x_m - x_n|$. b) Sử dụng bất đẳng thức tam giác và tính chất $|\cos(k)| \le 1$, hãy tìm một chặn trên cho $|x_m - x_n|$. c) Chứng minh rằng $(x_n)$ là một dãy Cauchy. (Gợi ý: Dãy $\sum_{k=1}^n \frac{1}{k^2}$ hội tụ)."
10,9,9,9,9,"Lời giải của học sinh đã giải quyết đúng tất cả các phần của bài toán. Phần a) chứng minh bất đẳng thức và giới hạn của $I_n$ là chính xác. Phần b) thiết lập công thức truy hồi $I_n = e - n I_{n-1}$ cũng hoàn toàn đúng. Tuy nhiên, cách sử dụng công thức truy hồi ở phần c) để tìm giới hạn của $a_n = nI_n$ có thể được trình bày rõ ràng và chặt chẽ hơn. Việc suy luận bằng cách 'áp dụng định lý kẹp hoặc thay x = 1 - t/n' và kết luận 'e * 1 = e' là khá trực quan nhưng thiếu bước biến đổi toán học cụ thể. Cách tiếp cận trong đáp án chuẩn, sử dụng mối quan hệ trực tiếp từ công thức truy hồi để suy ra giới hạn của $nI_n$ là tốt hơn. Tổng thể, lời giải rất tốt.","Cho dãy $I_n = \int_0^1 x^n e^x dx$. a) Chứng minh rằng $0 < I_n < \frac{e}{n+1}$. Suy ra $\lim_{n \to \infty} I_n$. b) Sử dụng phương pháp tích phân từng phần, thiết lập một công thức truy hồi giữa $I_n$ và $I_{n-1}$. c) Dựa vào công thức truy hồi, tìm giới hạn của dãy $a_n = n I_n$."
10,10,10,10,10,"Bài giải hoàn toàn chính xác, lập luận chặt chẽ, trình bày rõ ràng và đầy đủ các ý theo yêu cầu của đề bài. Các phép tính và công thức đều đúng.","Cho dãy số Fibonacci $(F_n)$ với $F_0=0, F_1=1, F_{n+2}=F_{n+1}+F_n$. Xét dãy tỉ số $x_n = \frac{F_{n+1}}{F_n}$ với $n \ge 1$. a) Viết 5 số hạng đầu của dãy $(x_n)$. b) Từ công thức định nghĩa Fibonacci, hãy tìm một công thức truy hồi cho dãy $(x_n)$. c) Giả sử dãy $(x_n)$ hội tụ đến giới hạn $\phi$. Tìm giá trị của $\phi$. Giá trị này có tên là gì?"
10,10,10,10,10,"Lời giải của học sinh đã thực hiện đầy đủ các bước theo yêu cầu của đề bài, từ việc biến đổi biểu thức, nhận dạng tổng Riemann, tính tích phân suy rộng cho đến việc suy ra giới hạn cuối cùng. Các lập luận và tính toán đều chính xác và rõ ràng.","Tìm giới hạn của dãy $x_n = \frac{\sqrt[n]{n!}}{n}$. a) Đặt $y_n = \ln(x_n)$. Biến đổi biểu thức của $y_n$ thành dạng $\frac{1}{n}\sum_{k=1}^n f(k/n)$ sau khi xấp xỉ. b) (Kiến thức nâng cao) Giới hạn của $y_n$ có thể được tìm bằng cách chuyển tổng Riemann thành tích phân. Biểu diễn $\lim y_n$ dưới dạng một tích phân xác định. c) Tính tích phân đó để tìm giới hạn của $y_n$, sau đó suy ra giới hạn của $x_n$."
10,9,9,9,9,"Bài giải của học sinh về cơ bản là đúng và logic. Tuy nhiên, ở phần chứng minh dãy tăng, học sinh đã đưa ra cách lập luận chưa chặt chẽ. Cụ thể, việc giả sử $x_n < x_{n+1}$ và sau đó so sánh $f(x_n)$ và $f(x_{n+1})$ bằng cách sử dụng tính đơn điệu của hàm là đúng. Nhưng cách trình bày dẫn đến mâu thuẫn lại chưa rõ ràng và có thể gây nhầm lẫn. Đáp án chuẩn đã có cách trình bày mạch lạc hơn.","Cho phương trình $x^n + x - 1 = 0$. a) Chứng minh rằng với mỗi $n \ge 2$, phương trình có một nghiệm thực duy nhất $x_n$ trong khoảng $(0, 1)$. b) Chứng minh rằng dãy $(x_n)$ là một dãy tăng. c) Dãy $(x_n)$ hội tụ. Tìm giới hạn của nó."
10,10,10,10,10,"Lời giải của học sinh hoàn toàn chính xác, logic chặt chẽ và trình bày rõ ràng, đầy đủ các bước theo yêu cầu của đề bài. Học sinh đã vận dụng tốt kiến thức về dãy số, giới hạn và định lý Stolz-Cesàro.","Cho dãy số được xác định bởi $x_0 > 0$ và $x_{n+1} = x_n + \frac{1}{x_n}$. a) Chứng minh rằng dãy $(x_n)$ là một dãy tăng và không bị chặn trên, do đó $\lim x_n = +\infty$. b) Xét dãy $y_n = x_n^2$. Tìm một biểu thức gần đúng cho $y_{n+1} - y_n$. c) Dựa vào kết quả câu b và định lý Stolz-Cesàro, hãy tìm giới hạn của dãy $\frac{x_n^2}{n}$."
10,9,9,9,9,"Lời giải của học sinh khá tốt và bám sát đáp án chuẩn. Tuy nhiên, ở phần a), cách diễn đạt về diện tích các hình chữ nhật có thể làm rõ hơn bằng cách vẽ hình minh họa hoặc sử dụng ký hiệu toán học cho các hình chữ nhật. Phần b) đã sử dụng bất đẳng thức đúng nhưng chứng minh bất đẳng thức đó có thể chi tiết hơn. Nhìn chung, học sinh đã hiểu và trình bày bài toán một cách logic.","Hằng số Euler-Mascheroni $\gamma$ được định nghĩa là giới hạn của dãy $x_n = (\sum_{k=1}^n \frac{1}{k}) - \ln(n)$. a) Cho $f(x)=1/x$. Diện tích dưới đường cong $y=f(x)$ từ $x=1$ đến $n$ là $\int_1^n \frac{1}{x}dx = \ln(n)$. Hãy so sánh tổng $\sum_{k=1}^n \frac{1}{k}$ (tổng diện tích các hình chữ nhật) với tích phân này để chứng tỏ $x_n > 0$. b) Xét $x_{n+1}-x_n$. Chứng minh rằng dãy $(x_n)$ là một dãy giảm. c) Dựa vào a) và b), hãy giải thích tại sao dãy $(x_n)$ hội tụ."
10,10,10,10,10,"Bài giải của học sinh rất tốt, đã thực hiện đầy đủ các bước, lập luận logic và chính xác. Cách trình bày rõ ràng, dễ hiểu.","Cho hàm số $f(x)$ được định nghĩa bởi hai nhánh: $ f(x) = \begin{cases} x + 1 & \text{khi } x < 2 \\ x^2 - 1 & \text{khi } x \ge 2 \end{cases} $ a) Tính giới hạn trái của $f(x)$ khi $x$ tiến đến 2, tức là $\lim_{x \to 2^-} f(x)$. b) Tính giới hạn phải của $f(x)$ khi $x$ tiến đến 2, tức là $\lim_{x \to 2^+} f(x)$. c) Dựa vào kết quả câu a và b, hãy cho biết $\lim_{x \to 2} f(x)$ có tồn tại không? Tại sao?"
10,10,10,10,10,"Lời giải của học sinh rất đầy đủ, chi tiết và chính xác, bám sát các bước giải được yêu cầu. Các bước lập luận logic, trình bày rõ ràng và các phép toán đều đúng. Kết quả cuối cùng chính xác.",Tính giới hạn $L = \lim_{x \to 3} \frac{x^2 - 9}{x-3}$. a) Thử thay trực tiếp $x=3$ vào biểu thức. Kết quả là dạng vô định gì? b) Phân tích tử số thành nhân tử. c) Rút gọn biểu thức và tính giới hạn.
10,10,10,10,10,"Lời giải của học sinh hoàn toàn chính xác và đầy đủ theo các bước yêu cầu của đề bài. Các bước lập luận rõ ràng, trình bày mạch lạc và độ chính xác toán học cao.",Xét giới hạn của hàm số $f(x) = \frac{3x^2+1}{x^2-4}$ khi $x$ tiến ra vô cùng. a) Chia cả tử và mẫu cho lũy thừa bậc cao nhất của $x$ trong biểu thức. b) Tính giới hạn của các số hạng sau khi chia. c) Tìm $\lim_{x \to \infty} f(x)$ và cho biết phương trình tiệm cận ngang của đồ thị hàm số.
10,10,10,10,10,"Bài giải của học sinh đã sử dụng đúng nguyên lý kẹp để giải bài toán. Các bước lập luận rõ ràng, logic và chính xác về mặt toán học. Trình bày sạch sẽ, dễ hiểu. Các phần a, b, c đều được giải quyết đầy đủ và đúng.","Sử dụng nguyên lý kẹp để tìm giới hạn $L = \lim_{x \to 0} x^2 \cos(\frac{1}{x})$. a) Tìm một bất đẳng thức chặn trên và chặn dưới cho hàm số $\cos(\frac{1}{x})$. b) Dựa vào câu a, xây dựng một bất đẳng thức kẹp cho biểu thức $x^2 \cos(\frac{1}{x})$. c) Tính giới hạn của hai hàm số kẹp và suy ra kết quả của $L$."
10,10,10,10,10,"Học sinh đã giải bài toán đúng và đầy đủ theo các yêu cầu của đề bài. Các bước lập luận rõ ràng, chính xác, kết quả cuối cùng là chính xác.",Tìm giới hạn $L = \lim_{x \to 0} \frac{\sqrt{x+4}-2}{x}$. a) Cho biết dạng vô định của giới hạn này. b) Nhân cả tử và mẫu với biểu thức liên hợp của tử số. c) Rút gọn và tính giới hạn.
10,10,10,10,10,"Lời giải của học sinh hoàn toàn chính xác, lập luận chặt chẽ, trình bày rõ ràng và đạt điểm tối đa cho tất cả các tiêu chí.","Cho hàm số $f(x) = \frac{1}{x-5}$. a) Tính giới hạn của $f(x)$ khi $x$ tiến đến 5 từ bên phải ($x \to 5^+$). b) Tính giới hạn của $f(x)$ khi $x$ tiến đến 5 từ bên trái ($x \to 5^-$). c) Đồ thị của hàm số có tiệm cận đứng không? Nếu có, đó là đường thẳng nào?"
10,10,10,10,10,"Bài giải của học sinh rất tốt, đã làm theo đúng các bước yêu cầu của đề bài và sử dụng thành thạo giới hạn cơ bản đã cho để tìm ra kết quả cuối cùng chính xác.",Sử dụng giới hạn cơ bản $\lim_{u \to 0} \frac{\sin(u)}{u} = 1$ để tính $L = \lim_{x \to 0} \frac{\sin(3x)}{x}$. a) Biến đổi biểu thức để làm xuất hiện dạng $\frac{\sin(u)}{u}$. b) Đặt $u=3x$. Khi $x \to 0$ thì $u$ tiến đến đâu? c) Tính giới hạn.
10,9,9,10,10,"Học sinh đã trả lời đúng tất cả các phần của bài toán và có sự phân tích tốt. Lập luận và cách trình bày rõ ràng, mạch lạc. Chỉ có một điểm nhỏ cần lưu ý trong phần lập luận ở câu a) và b) là có thể diễn giải rõ hơn quá trình 'tiến dần' của giá trị y khi x tiến dần về 2.","Cho đồ thị của một hàm số $y=f(x)$ đi qua các điểm $(1.9, 3.9)$, $(1.99, 3.99)$, $(2, 5)$, $(2.01, 4.01)$, $(2.1, 4.1)$. a) Khi $x$ tiến dần về 2 từ bên trái, giá trị của $f(x)$ tiến dần về đâu? b) Khi $x$ tiến dần về 2 từ bên phải, giá trị của $f(x)$ tiến dần về đâu? c) Dựa vào các thông tin trên, hãy ước lượng giá trị của $\lim_{x \to 2} f(x)$ và so sánh với giá trị $f(2)$."
10,10,10,10,10,"Lời giải của học sinh rất tốt, trình bày rõ ràng, lập luận chặt chẽ và chính xác theo đúng các bước của bài toán. Học sinh đã nắm vững kiến thức về giới hạn và cách xử lý căn bậc hai khi biến số tiến về âm vô cùng.",Tính giới hạn $L = \lim_{x \to -\infty} \frac{x+1}{\sqrt{x^2+1}}$. a) Chia cả tử và mẫu cho $x$. Chú ý rằng khi $x < 0$ thì $\sqrt{x^2}=-x$. b) Biến đổi biểu thức trong căn. c) Tính giới hạn.
10,10,10,10,10,"Bài làm của học sinh rất tốt, trình bày rõ ràng, áp dụng đúng các quy tắc giới hạn cơ bản để giải quyết từng phần của bài toán. Các bước lập luận logic, chính xác, dẫn đến kết quả đúng cho cả ba câu. Việc chỉ ra các quy tắc áp dụng là một điểm cộng lớn.","Xét các giới hạn sau đây và sử dụng các quy tắc cơ bản về giới hạn của tổng, hiệu, tích, thương để tính. a) $\lim_{x \to 1} (x^3 + 2x - 5)$. b) $\lim_{x \to 4} (\frac{x+5}{x-2})$. c) $\lim_{x \to 9} (\sqrt{x} \cdot (x+1))$."
10,10,10,10,10,"Học sinh đã thực hiện đúng và đầy đủ các bước của bài toán. Lời giải rõ ràng, lập luận logic và chính xác về mặt toán học.","Tìm hằng số $a$ để giới hạn $L = \lim_{x \to 1} f(x)$ tồn tại, với $$ f(x) = \begin{cases} x^2 + a & \text{khi } x < 1 \\ 4x - 1 & \text{khi } x \ge 1 \end{cases} $$ a) Tính giới hạn trái $\lim_{x \to 1^-} f(x)$ theo $a$. b) Tính giới hạn phải $\lim_{x \to 1^+} f(x)$. c) Cho hai giới hạn bằng nhau và giải phương trình tìm $a$."
10,10,10,10,10,"Học sinh đã thực hiện đúng tất cả các bước, từ việc tìm các VCB tương đương, thay thế vào biểu thức giới hạn, rút gọn và tính toán kết quả cuối cùng. Lập luận rõ ràng, chính xác và trình bày mạch lạc.","Sử dụng các vô cùng bé (VCB) tương đương khi $x \to 0$ để tính giới hạn $L = \lim_{x \to 0} \frac{(e^{2x}-1)\sin(3x)}{\ln(1+x^2)}$. a) Tìm các VCB tương đương cho $e^{2x}-1$, $\sin(3x)$, và $\ln(1+x^2)$. b) Thay thế các hàm số bằng các VCB tương đương của chúng. c) Rút gọn và tính giới hạn."
10,10,10,10,10,"Lời giải của học sinh đã thực hiện đầy đủ các bước theo yêu cầu của bài toán, từ việc xác định dạng vô định, áp dụng phương pháp nhân liên hợp đến việc chia tử và mẫu cho x để khử dạng vô định. Các bước lập luận logic, chính xác và trình bày rõ ràng. Kết quả cuối cùng là đúng.",Tìm giới hạn $L = \lim_{x \to +\infty} (\sqrt{x^2+6x} - x)$. a) Cho biết dạng vô định của giới hạn này. b) Nhân và chia với biểu thức liên hợp. c) Chia cả tử và mẫu cho $x$ để khử dạng vô định và tính kết quả.
10,10,10,10,10,"Bài giải của học sinh hoàn toàn chính xác và đầy đủ. Các bước lập luận logic, rõ ràng, sử dụng đúng các công thức và VCB tương đương đã được yêu cầu. Trình bày sạch sẽ và dễ hiểu.",Tìm giới hạn $L = \lim_{x \to 0} (\cos(x))^{\frac{1}{x^2}}$. a) Cho biết dạng vô định của giới hạn. b) Sử dụng công thức $A^B = e^{B \ln A}$ để biến đổi biểu thức. c) Tính giới hạn của số mũ bằng cách sử dụng VCB tương đương $\ln(1+u) \sim u$ và $1-\cos(x) \sim \frac{x^2}{2}$.
10,10,10,10,10,"Học sinh đã thực hiện đúng tất cả các bước của bài toán, từ phân tích mẫu số, sử dụng hằng đẳng thức để khử căn ở tử số, đến rút gọn và tính giới hạn. Lập luận rõ ràng, trình bày sạch sẽ và chính xác về mặt toán học.",Tính giới hạn $L = \lim_{x \to 1} \frac{\sqrt[3]{x} - 1}{x^2-1}$. a) Phân tích mẫu số thành nhân tử. b) Sử dụng hằng đẳng thức $a^3 - b^3 = (a-b)(a^2+ab+b^2)$ để khử căn ở tử số. c) Rút gọn và tính giới hạn.
10,10,10,10,10,"Bài giải hoàn toàn chính xác, logic và tuân thủ đúng các bước giải theo yêu cầu của đề bài. Việc sử dụng công thức lượng giác và phép đặt ẩn phụ được thực hiện một cách hiệu quả.",Tìm giới hạn $L = \lim_{x \to 1} (1-x)\tan(\frac{\pi x}{2})$. a) Đây là dạng vô định gì? b) Đặt ẩn phụ $u = 1-x$. Biểu diễn $x$ và giới hạn theo $u$. c) Sử dụng công thức lượng giác $\tan(\frac{\pi}{2} - A) = \cot(A)$ để biến đổi và tính giới hạn.
10,10,10,10,10,"Lời giải của học sinh rất đầy đủ và chính xác. Các bước phân tích giới hạn trái và phải đều đúng, lập luận chặt chẽ và đi đến kết luận cuối cùng chính xác. Cách trình bày rõ ràng, dễ hiểu.","Tìm giới hạn $L = \lim_{x \to 2} \frac{|x-2|}{x^2-4}$. a) Vì có giá trị tuyệt đối, ta cần xét giới hạn trái và giới hạn phải. b) Tính $\lim_{x \to 2^+} \frac{|x-2|}{x^2-4}$. c) Tính $\lim_{x \to 2^-} \frac{|x-2|}{x^2-4}$. Giới hạn $L$ có tồn tại không?"
10,10,10,10,10,"Học sinh đã thực hiện đúng các bước để giải bài toán. Việc xác định hàm tăng nhanh nhất ở cả tử và mẫu đều chính xác. Các bước chia cho hàm tăng nhanh nhất ở mẫu và tính giới hạn từng phần đều đúng, dẫn đến kết quả cuối cùng là 0. Lập luận rõ ràng, trình bày mạch lạc và các phép tính đều chính xác.",So sánh tốc độ tăng của các hàm số khi $x \to +\infty$ để tính giới hạn $L = \lim_{x \to +\infty} \frac{x^4 + 3^x}{2^x + x!}$. a) Xác định hàm số tăng nhanh nhất trong tử số. b) Xác định hàm số tăng nhanh nhất trong mẫu số. c) Chia cả tử và mẫu cho hàm số tăng nhanh nhất ở mẫu và tính giới hạn.
10,5,6,5,6,"Học sinh đã tìm ra kết quả đúng là 5/2. Tuy nhiên, cách tiếp cận ở các bước a, b, c có những điểm chưa chính xác hoặc chưa tối ưu so với đáp án chuẩn.

Phần a: Học sinh đề xuất biến đổi bằng công thức $\cos A \cos B$, đây là một hướng đi hợp lệ nhưng khác với cách thêm bớt số hạng như đáp án chuẩn yêu cầu. Cách biến đổi của học sinh dẫn đến biểu thức $\frac{2 - (\cos x + \cos 3x)}{2x^2}$.

Phần b: Việc tách giới hạn $\frac{2 - \cos x - \cos 3x}{x^2}$ thành $\frac{2 - \cos x}{x^2} + \frac{-\cos 3x}{x^2}$ là không hợp lệ vì cả hai giới hạn riêng lẻ đều không xác định (tiến về vô cùng). Đây là một sai sót lớn trong lập luận.

Phần c: Học sinh nhận ra sai lầm và sau đó chuyển sang sử dụng khai triển Maclaurin, điều này là đúng và dẫn đến kết quả đúng. Tuy nhiên, cách này không tuân thủ hoàn toàn yêu cầu của đề bài là sử dụng VCB $1-\cos(ax) \sim \frac{(ax)^2}{2}$ theo cách tách như đáp án chuẩn.

Đánh giá:
- Correctness: 10/10 (Kết quả cuối cùng đúng).
- Reasoning: 5/10 (Sai lầm nghiêm trọng ở bước tách giới hạn, mặc dù sau đó đã tự sửa bằng khai triển Maclaurin).
- Clarity: 6/10 (Trình bày có sự nhầm lẫn và sửa chữa, làm giảm đi sự rõ ràng).
- Accuracy: 5/10 (Các bước biến đổi và lập luận ban đầu có sai sót về mặt toán học).

Điểm cuối cùng là trung bình cộng có trọng số, chủ yếu dựa trên độ chính xác và lập luận. Do có sai sót lớn trong lập luận ban đầu, điểm không thể đạt tối đa dù kết quả cuối cùng đúng.",Tính giới hạn $L = \lim_{x \to 0} \frac{1 - \cos(x)\cos(2x)}{x^2}$. a) Biến đổi biểu thức bằng cách thêm bớt số hạng $cos(x)$. b) Tách giới hạn thành tổng hai giới hạn. c) Sử dụng VCB $1-\cos(ax) \sim \frac{(ax)^2}{2}$ để tính từng giới hạn.
10,10,10,10,10,"Lời giải của học sinh rất tốt, đầy đủ và chính xác theo các bước yêu cầu của bài toán. Học sinh đã áp dụng đúng các quy tắc về giới hạn và căn bậc hai của số âm.",Tìm các tiệm cận (đứng và ngang) của đồ thị hàm số $f(x) = \frac{\sqrt{4x^2+1}}{x-2}$. a) Tìm tiệm cận đứng bằng cách xét giới hạn khi $x$ tiến đến giá trị làm mẫu số bằng 0. b) Tìm tiệm cận ngang bằng cách xét $\lim_{x \to +\infty} f(x)$. c) Tìm tiệm cận ngang bằng cách xét $\lim_{x \to -\infty} f(x)$. Chú ý $\sqrt{x^2}=-x$ khi $x < 0$.
10,10,10,10,10,"Lời giải của học sinh hoàn toàn chính xác và bám sát các yêu cầu của đề bài. Các bước lập luận rõ ràng, trình bày mạch lạc và sử dụng đúng định nghĩa đạo hàm. Kết quả cuối cùng là chính xác.",Tìm giới hạn $L = \lim_{x \to 0} \frac{e^{ax} - \cos(bx)}{x}$ sử dụng định nghĩa đạo hàm. a) Viết lại biểu thức dưới dạng tổng/hiệu của hai phân số có cùng mẫu số $x$ bằng cách thêm bớt một hằng số thích hợp. b) Nhận dạng mỗi phân số là tỉ số của định nghĩa đạo hàm của một hàm số nào đó tại $x=0$. c) Tính đạo hàm của các hàm số đó và tìm kết quả của giới hạn.
9,9,8,9,9,"Học sinh đã thực hiện đúng các bước biến đổi và tính toán giới hạn cho cả hai trường hợp x tiến đến dương vô cùng và âm vô cùng. Lập luận rõ ràng và chính xác. Tuy nhiên, ở phần b) có thể chi tiết hơn trong việc rút $a_{max}^x$ để làm rõ các bước. Phần dự đoán ở cuối bài có vẻ không liên quan đến các bước giải trước đó và có thể gây nhầm lẫn.","Cho $f(x) = (\frac{a_1^x + a_2^x + ... + a_m^x}{m})^{1/x}$, với $a_i > 0$ là các hằng số. a) Biến đổi $f(x)$ sử dụng $A = e^{\ln A}$. b) Đặt $a_{max} = \max\{a_1, ..., a_m\}$. Rút $a_{max}^x$ ra khỏi tổng trong logarit. c) Tính $\lim_{x \to +\infty} f(x)$ và $\lim_{x \to -\infty} f(x)$."
10,10,10,10,10,"Lời giải của học sinh hoàn toàn chính xác và tuân thủ đúng các bước yêu cầu của đề bài. Lập luận rõ ràng, trình bày mạch lạc và sử dụng đúng các kiến thức toán học liên quan.",Tìm giới hạn $L = \lim_{x \to 0^+} x^{\sin x}$. a) Đây là dạng vô định gì? b) Biến đổi biểu thức về dạng $e^{g(x)}$ và viết lại giới hạn. c) Tính giới hạn của $g(x)$ bằng cách biến đổi $\sin x \ln x = \frac{\sin x}{x} \cdot x \ln x$. (Biết $\lim_{x \to 0^+} x \ln x = 0$).
10,10,10,10,10,"Học sinh đã giải bài toán hoàn toàn chính xác và tuân thủ đầy đủ các bước được yêu cầu trong đề bài. Lập luận chặt chẽ, trình bày rõ ràng, sử dụng ký hiệu toán học chính xác.","Sử dụng định nghĩa giới hạn theo $\epsilon - \delta$ để chứng minh rằng $\lim_{x \to 2} (x^2+2x) = 8$. a) Với $\epsilon > 0$ cho trước, ta cần tìm $\delta > 0$ sao cho nếu $0 < |x-2| < \delta$ thì $|(x^2+2x)-8| < \epsilon$. b) Phân tích biểu thức $|(x^2+2x)-8|$ thành nhân tử. c) Tìm một chặn trên cho nhân tử chứa $x$ bằng cách giả sử $\delta \le 1$. Từ đó tìm $\delta$ theo $\epsilon$."
10,10,10,10,10,"Bài giải của học sinh rất tốt, bám sát các bước của đề bài và đưa ra kết quả chính xác. Học sinh đã hiểu rõ cách áp dụng khai triển Taylor và đồng nhất hệ số để tìm các hằng số.","Tìm các hằng số $a, b$ sao cho $\lim_{x \to 0} \frac{\sqrt[3]{1+ax} - (1+bx)}{x^2} = L$ là một số hữu hạn khác 0. a) Sử dụng khai triển Taylor/Maclaurin cho $\sqrt[3]{1+u}$ đến bậc hai: $\sqrt[3]{1+u} = 1 + \frac{1}{3}u - \frac{1}{9}u^2 + o(u^2)$. b) Thay $u=ax$ vào khai triển và đặt vào biểu thức giới hạn. c) Đồng nhất hệ số của các lũy thừa của $x$ ở tử số để chúng triệt tiêu đến bậc 1, và tìm $a, b, L$."
10,10,10,10,10,"Lời giải của học sinh hoàn toàn chính xác và tuân thủ đúng yêu cầu của bài toán. Các bước áp dụng quy tắc L'Hôpital được thực hiện một cách logic, rõ ràng và có tính toán chính xác.","Tính giới hạn $L = \lim_{x \to 1} \frac{x^n - nx + n - 1}{(x-1)^2}$, với $n$ là số nguyên dương $\ge 2$. a) Nhận thấy đây là dạng 0/0. Áp dụng quy tắc L'Hôpital lần thứ nhất. b) Kết quả vẫn là dạng 0/0. Áp dụng quy tắc L'Hôpital lần thứ hai. c) Tính giới hạn cuối cùng."
4,6,7,5,5,"Học sinh đã hiểu cách tiếp cận bài toán bằng khai triển Maclaurin. Tuy nhiên, trong quá trình tính toán khai triển của sin(tan x) và tan(sin x), học sinh đã gặp nhiều sai sót trong việc nhân các đa thức và thu gọn hệ số. Đặc biệt là sai sót trong việc tính hệ số của x^7.",Cho $L = \lim_{x \to 0} \frac{\sin(\tan x) - \tan(\sin x)}{x^7}$. a) Sử dụng khai triển Maclaurin của $\sin u$ và $\tan u$ đến bậc cao: $\sin u = u - u^3/6 + u^5/120 - u^7/5040...$ và $\tan u = u + u^3/3 + 2u^5/15 + 17u^7/315...$. b) Tính khai triển của $\sin(\tan x)$ và $\tan(\sin x)$ bằng cách thay thế khai triển của $u=\tan x$ và $u=\sin x$. Giữ lại các số hạng đến bậc 7. c) Trừ hai khai triển và tìm giới hạn.
10,10,10,10,10,"Học sinh đã thực hiện đúng các bước để tìm tiệm cận xiên theo đúng công thức được cung cấp. Lập luận rõ ràng, tính toán chính xác và trình bày mạch lạc.","Tìm tiệm cận xiên của đồ thị hàm số $f(x) = \frac{2x^2 - 3x + 1}{x+1}$. a) Đường thẳng $y=ax+b$ là tiệm cận xiên nếu $a = \lim_{x \to \infty} \frac{f(x)}{x}$ và $b = \lim_{x \to \infty} (f(x)-ax)$. b) Tính hệ số góc $a$. c) Sử dụng giá trị $a$ vừa tìm được, tính hệ số tự do $b$."
10,9,9,9,9,"Lời giải của học sinh đã tính đúng kết quả cho cả ba phần. Tuy nhiên, việc sử dụng khái niệm tương đương ""f(x) ~ 2x"" một cách trực tiếp có thể chưa hoàn toàn chặt chẽ về mặt lý thuyết so với việc sử dụng định nghĩa giới hạn hoặc biến đổi đại số như trong đáp án chuẩn. Cụ thể, phần a) nên được lập luận rõ hơn là f(x) = (f(x)/x) * x để thấy rõ giới hạn của x khi x tiến về 0. Phần c) cũng tương tự, cần làm rõ hơn cách áp dụng khái niệm tương đương cho f(x^2). Tuy nhiên, cách tiếp cận này hiệu quả và cho kết quả đúng.",Cho hàm số $f(x)$ thỏa mãn $\lim_{x \to 0} \frac{f(x)}{x} = 2$. Tính các giới hạn sau: a) $\lim_{x \to 0} f(x)$. b) $\lim_{x \to 0} \frac{f(3x)}{x}$. c) $\lim_{x \to 0} \frac{f(x^2)}{\sin^2(x)}$.
9,8,8,9,8,"Lời giải của học sinh khá tốt, đặc biệt là ở phần a và c. Tuy nhiên, phần lập luận ở câu b có thể chi tiết và chặt chẽ hơn, đặc biệt là việc xử lý trường hợp M=0.","Cho hai hàm số $f(x)$ và $g(x)$ sao cho $\lim_{x \to a} f(x) = 0$ và $g(x)$ bị chặn trong một lân cận của $a$ (tức là tồn tại $M>0$ và $\delta>0$ sao cho $|g(x)| \le M$ với mọi $x$ thỏa mãn $0<|x-a|<\delta$). a) Sử dụng định nghĩa giới hạn $\epsilon-\delta$ để viết lại giả thiết $\lim_{x \to a} f(x) = 0$. b) Dựa vào định nghĩa, chứng minh rằng $\lim_{x \to a} f(x)g(x) = 0$. c) Áp dụng kết quả trên để tính $\lim_{x \to 0} \sin(x) \cos(\frac{1}{x^2})$."
9,9,9,9,9,"Học sinh đã xác định đúng các hàm số là VCB và VCL. Tuy nhiên, phần giải thích cho câu c) có một chút nhầm lẫn khi cho rằng không có hàm số nào không phải VCB cũng không phải VCL, trong khi hàm h(x) = cos(x) thỏa mãn điều kiện này.","Xét các hàm số sau khi $x \to 0$: $f(x) = x^2$, $g(x) = \frac{1}{x}$, $h(x) = \cos(x)$, $k(x) = \tan(x)$. a) Hàm số nào là vô cùng bé (VCB)? Tại sao? b) Hàm số nào là vô cùng lớn (VCL)? Tại sao? c) Hàm số nào không phải VCB cũng không phải VCL?"
10,10,10,10,10,"Bài làm của học sinh hoàn toàn chính xác và đầy đủ. Cách lập luận rõ ràng, các bước tính toán đều đúng và trình bày mạch lạc.",Cho hai VCB khi $x \to 0$ là $\alpha(x) = \sin(5x)$ và $\beta(x) = x$. a) Hai VCB này có tương đương không? Hãy tính $\lim_{x \to 0} \frac{\alpha(x)}{\beta(x)}$. b) Tìm một hằng số $k$ để $\alpha(x)$ tương đương với $k \cdot \beta(x)$. c) Phần chính của VCB $\alpha(x)$ là gì?
7,8,8,8,8,"Bạn đã tính đúng giới hạn ở câu a). Tuy nhiên, ở câu b), bạn đã kết luận đúng là hai VCL không tương đương nhưng chưa giải thích rõ lý do theo định nghĩa. Ở câu c), bạn nhầm lẫn giữa khái niệm ""cùng bậc"" và ""bậc cao hơn"". Theo định nghĩa, hai VCL cùng bậc nếu giới hạn tỉ số của chúng là một hằng số hữu hạn khác 0.","Xét hai VCL khi $x \to +\infty$: $f(x) = 3x^2 + 2x$ và $g(x) = x^2$. a) Tính giới hạn $\lim_{x \to +\infty} \frac{f(x)}{g(x)}$. b) Dựa vào kết quả, hai VCL này có tương đương không? c) VCL nào có bậc cao hơn?"
10,10,10,10,10,"Bài giải đã giải quyết đầy đủ các yêu cầu của đề bài, tính toán chính xác các giới hạn và đưa ra lý giải hợp lý cho việc so sánh bậc của các VCB. Trình bày rõ ràng, dễ hiểu.",Cho $\alpha(x) = x^3$ và $\beta(x) = x^5$ là hai VCB khi $x \to 0$. a) Tính $\lim_{x \to 0} \frac{\alpha(x)}{\beta(x)}$. b) Tính $\lim_{x \to 0} \frac{\beta(x)}{\alpha(x)}$. c) VCB nào có bậc cao hơn? Giải thích.
10,10,10,10,10,"Học sinh đã áp dụng đúng định nghĩa VCB và các quy tắc về giới hạn để giải quyết từng phần của bài toán. Lời giải rõ ràng, logic và chính xác.",Cho $\alpha(x)$ là một VCB khi $x \to a$. a) $f(x) = 5\alpha(x)$ có phải là một VCB khi $x \to a$ không? b) $g(x) = (\alpha(x))^3$ có phải là một VCB khi $x \to a$ không? c) $h(x) = \alpha(x) + 1$ có phải là một VCB khi $x \to a$ không?
10,10,10,10,10,"Học sinh đã hiểu và áp dụng đúng quy tắc ngắt bỏ VCB bậc cao. Các bước phân tích, xác định VCB bậc thấp và tính giới hạn đều chính xác và rõ ràng.","Sử dụng quy tắc ngắt bỏ VCB bậc cao để tìm phần chính và tính giới hạn $L = \lim_{x \to 0} \frac{x^2 + 3x^5}{2x^2 + x^3}$. a) Trong tử số, VCB nào có bậc thấp hơn? b) Trong mẫu số, VCB nào có bậc thấp hơn? c) Rút gọn biểu thức bằng cách chỉ giữ lại các VCB bậc thấp nhất ở tử và mẫu, sau đó tính giới hạn."
10,10,10,10,10,"Bài giải của học sinh hoàn toàn chính xác, lập luận rõ ràng, mạch lạc và sử dụng đúng các kiến thức về VCB tương đương cũng như khai triển Maclaurin. Học sinh đã trả lời đầy đủ và chính xác tất cả các phần của câu hỏi.",Cho $\alpha(x) = 1 - \cos(x)$ là một VCB khi $x \to 0$. a) Tìm VCB dạng $Ax^k$ tương đương với $\alpha(x)$. b) Bậc của VCB $\alpha(x)$ là bao nhiêu? c) VCB $\beta(x) = x$ có cùng bậc với $\alpha(x)$ không?
10,10,10,10,10,"Học sinh đã trả lời đúng tất cả các phần của câu hỏi, lập luận logic và sử dụng chính xác các công cụ toán học như quy tắc L'Hôpital và giới hạn tương đương. Cách trình bày rõ ràng, dễ hiểu.",Xét các hàm số khi $x \to 1$. a) Hàm $f(x) = x-1$ là VCB hay VCL? b) Hàm $g(x) = \ln(x)$ là VCB hay VCL? c) So sánh bậc của $f(x)$ và $g(x)$ bằng cách tính $\lim_{x \to 1} \frac{g(x)}{f(x)}$.
7,6,7,7,7,"Học sinh đã hiểu đúng khái niệm VCB và VCL trong hầu hết các phần. Tuy nhiên, có một nhầm lẫn ở phần c) khi định nghĩa lại VCL và sau đó lại sửa lại thành VCB. Đáp án chuẩn đã làm rõ ràng hơn định nghĩa của VCB/VCL và cách áp dụng vào bài toán.","Cho $\alpha(x)$ là một VCB khi $x \to 0$. Xét hàm số $f(x) = \frac{1}{\alpha(x)}$. a) $f(x)$ là VCB hay VCL khi $x \to 0$? b) Nếu $\alpha(x) = x^4$, $f(x)$ là gì? c) Nếu $\beta(x)$ là một VCL khi $x \to 0$, thì $g(x) = \frac{1}{\beta(x)}$ là gì?"
10,10,10,10,10,Học sinh đã xác định đúng bậc của từng VCB và sắp xếp chúng theo thứ tự tăng dần một cách chính xác. Lập luận rõ ràng và sử dụng khai triển Taylor phù hợp.,"Sắp xếp các VCB sau theo thứ tự bậc tăng dần khi $x \to 0$: $\alpha(x) = x^3$, $\beta(x) = 1-\cos(x)$, $\gamma(x) = \tan(x)$. a) Tìm bậc của mỗi VCB so với VCB cơ sở $x$. b) So sánh các bậc tìm được. c) Viết lại dãy VCB theo thứ tự bậc tăng dần."
10,10,10,10,10,"Học sinh đã thực hiện đúng tất cả các bước theo yêu cầu của đề bài. Lập luận logic, rõ ràng và chính xác. Trình bày sạch sẽ, dễ hiểu.","Tìm các hằng số $a$ và $b$ sao cho VCB $\alpha(x) = \cos(x) - (1+ax^2)$ là một VCB có bậc cao nhất có thể khi $x \to 0$. a) Sử dụng khai triển Maclaurin cho $\cos(x)$ đến bậc 4: $\cos(x) = 1 - \frac{x^2}{2!} + \frac{x^4}{4!} + o(x^4)$. b) Thay khai triển vào $\alpha(x)$ và nhóm các số hạng theo lũy thừa của $x$. c) Để bậc của $\alpha(x)$ cao nhất có thể, hệ số của các số hạng bậc thấp phải bằng 0. Tìm $a$ và bậc của $\alpha(x)$ sau khi đã tối ưu."
10,10,10,10,10,"Bài giải của học sinh rất tốt, các bước lập luận chặt chẽ và chính xác. Học sinh đã chứng minh được hai VCB tương đương và tính đúng giới hạn bằng phương pháp biến đổi lượng giác. Phần kết luận về ý nghĩa của việc trừ hai VCB tương đương cũng rất rõ ràng và đầy đủ.","Cho hai VCB khi $x \to 0$: $\alpha(x) = \tan(x)$ và $\beta(x) = \sin(x)$. a) Chứng tỏ $\alpha(x) \sim x$ và $\beta(x) \sim x$, do đó $\alpha(x)$ và $\beta(x)$ là hai VCB tương đương. b) Tính giới hạn $\lim_{x \to 0} \frac{\alpha(x) - \beta(x)}{x^3}$ bằng cách biến đổi lượng giác. c) Kết quả câu b cho thấy điều gì về việc trừ hai VCB tương đương?"
3,4,5,3,3,"Bạn đã xác định đúng các VCB tương đương cho từng phần. Tuy nhiên, ở bước 3, bạn đã có sai sót trong việc thực hiện phép tính tổng. Thay vì $\alpha(x) \sim x^2 - \frac{x^2}{2}$, ta cần cộng các phần tương đương. Ngoài ra, cần chú ý đến dấu '+' trong phép phân tích ban đầu của $\alpha(x)$.",Tìm bậc và phần chính của VCB $\alpha(x) = \sqrt{1+2x^2} - \cos(x)$ khi $x \to 0$. a) Tìm VCB tương đương cho $\sqrt{1+2x^2}-1$. (Sử dụng $(1+u)^a-1 \sim au$). b) Tìm VCB tương đương cho $1-\cos(x)$. c) Biến đổi $\alpha(x)$ để sử dụng các kết quả trên và xác định bậc của tổng.
10,10,10,10,10,"Bài giải trình bày rất rõ ràng, logic và chính xác. Học sinh đã thực hiện đúng các bước: lấy logarit, so sánh bậc của các hàm logarit và từ đó suy ra thứ tự bậc của các hàm số ban đầu. Các nhận định về tốc độ tăng của các hàm đều đúng.","So sánh các VCL sau khi $x \to +\infty$: $f(x) = x^{\ln x}$, $g(x) = (\ln x)^x$, $h(x) = e^x$. a) Lấy logarit tự nhiên của mỗi hàm số: $\ln(f(x)), \ln(g(x)), \ln(h(x))$. b) So sánh bậc của các logarit vừa tìm được khi $x \to +\infty$. c) Dựa vào kết quả câu b, hãy sắp xếp $f(x), g(x), h(x)$ theo thứ tự bậc tăng dần."
10,10,10,10,10,"Bài giải của học sinh rất tốt, sử dụng phương pháp khai triển Maclaurin chính xác để tìm phần chính của các VCB. Lập luận về điều kiện để hai VCB cùng bậc cũng hoàn toàn chính xác. Cách trình bày rõ ràng, dễ hiểu.",Tìm hằng số $k$ để hai VCB sau là cùng bậc khi $x \to 0$: $\alpha(x) = e^x - e^{-x}$ và $\beta(x) = \ln(1+kx)$. a) Tìm phần chính của $\alpha(x)$. b) Tìm phần chính của $\beta(x)$. c) Hai VCB cùng bậc khi giới hạn tỉ số của chúng là một hằng số khác 0. Hãy tìm $k$.
10,10,10,10,10,"Bài làm của học sinh hoàn toàn chính xác, lập luận chặt chẽ và trình bày rõ ràng, đầy đủ các bước.",Cho $\alpha(x) = \arcsin(x) - x$. a) Sử dụng khai triển Maclaurin của $\arcsin(x) = x + \frac{x^3}{6} + o(x^3)$. b) Tìm bậc và phần chính của VCB $\alpha(x)$ khi $x \to 0$. c) So sánh bậc của $\alpha(x)$ với $\beta(x) = x^2$.
8,9,8,9,9,"Bài làm của học sinh đã thực hiện tốt các yêu cầu của đề bài. Học sinh đã thực hiện phép chia đa thức và xác định đúng phần chính của VCL. Tuy nhiên, ở câu c), học sinh đã nhầm lẫn giữa tiệm cận xiên và tiệm cận parabol. Tiệm cận xiên là một đường thẳng, trong khi $y=x^2+x+1$ là một parabol. Mặc dù vậy, học sinh đã nhận ra sự khác biệt này và giải thích rõ ràng. Điểm trừ nhỏ là ở phần a), phép chia đa thức có thể được trình bày gọn gàng hơn.",Xét VCL $f(x) = \frac{x^3}{x-1}$ khi $x \to +\infty$. a) Thực hiện phép chia đa thức để viết $f(x)$ dưới dạng đa thức cộng với một phân thức thực sự. b) Phần chính của VCL $f(x)$ là gì? c) Tìm tiệm cận xiên của đồ thị hàm số $y=f(x)$ và so sánh nó với phần chính của VCL.
8,8,8,8,8,"Lời giải của học sinh đã nắm bắt được ý chính của bài toán và đưa ra lập luận tương đối đầy đủ. Tuy nhiên, ở câu c), học sinh chưa làm rõ điều kiện 'f(x) là hàm bị chặn' trong đề bài, dẫn đến việc đưa ra ví dụ không phản ánh đúng yêu cầu của câu hỏi. Nên tập trung vào trường hợp f(x) bị chặn để đánh giá tính chặn của h(x).","Cho $\alpha(x)$ là VCB khi $x \to a$ và $f(x)$ là hàm bị chặn trong một lân cận của $a$. a) Chứng minh rằng tích $g(x) = \alpha(x) f(x)$ là một VCB khi $x \to a$. b) Áp dụng, chứng minh rằng $\lim_{x \to 0} (e^x-1)\sin(\frac{1}{x}) = 0$. c) $h(x) = \alpha(x) + f(x)$ có phải luôn là hàm bị chặn không?"
10,10,10,10,10,"Học sinh đã phân tích đúng dạng vô định, xác định đúng các VCB tương đương và áp dụng chính xác vào bài toán để tìm ra kết quả. Lập luận mạch lạc, trình bày rõ ràng.",Tìm giới hạn $L = \lim_{x \to 0} \frac{\ln(\cos(2x))}{\ln(\cos(3x))}$. a) Đây là dạng vô định 0/0. Hãy xác định các VCB ở tử và mẫu. b) Sử dụng VCB tương đương $\ln(1+u) \sim u$ và $1-\cos(u) \sim u^2/2$. c) Thay thế và tính giới hạn.
10,9,9,9,9,"Bài giải đã thực hiện đúng các bước để tìm bậc của VCB. Lập luận mạch lạc, sử dụng chính xác các khai triển Maclaurin. Có thể chi tiết hơn một chút ở bước khai triển e^u để làm rõ hơn việc chỉ giữ lại các số hạng cần thiết.",Tìm bậc (so với $x$) của VCB $\alpha(x) = (1+x)^x - 1$ khi $x \to 0$. a) Biến đổi $\alpha(x)$ sử dụng $A=e^{\ln A}$. b) Sử dụng khai triển Maclaurin cho $\ln(1+x)$ và $e^u$. c) Tìm số hạng bậc thấp nhất trong khai triển của $\alpha(x)$ để xác định bậc và phần chính.
3,6,7,5,5,"Học sinh đã tiếp cận đúng hướng bài toán bằng cách sử dụng khai triển Maclaurin và đồng nhất hệ số. Tuy nhiên, có sai sót trong việc khai triển và tính toán hệ số, dẫn đến việc không tìm ra được giá trị $A, B$ đúng. Việc nhận định bài toán có thể sai là hợp lý khi gặp khó khăn, nhưng thay vì dừng lại, nên xem xét lại từng bước tính toán cẩn thận hơn. Đáp án chuẩn cho thấy các hệ số $x$ và $x^2$ đều bằng không, từ đó suy ra $A$ và $B$ một cách rõ ràng.","Tìm các hằng số $A, B$ sao cho khi $x \to 0$, VCB $\alpha(x) = e^x - \frac{1+Ax}{1+Bx}$ tương đương với $Cx^3$ với $C$ là một hằng số khác 0. a) Sử dụng khai triển Maclaurin cho $e^x$ và $(1+Bx)^{-1}$ đến bậc cần thiết. b) Thay các khai triển vào biểu thức $\alpha(x)$ và quy đồng mẫu số. c) Đồng nhất các hệ số của $x$ và $x^2$ ở tử số bằng 0 để tìm $A, B$ và sau đó tìm $C$."
10,10,10,10,10,"Bài giải rất tốt, thực hiện đúng các bước phân tích và sử dụng khai triển Maclaurin chính xác để tìm bậc và phần chính của các VCB. Cách trình bày rõ ràng, dễ hiểu.",Cho VCB $\alpha(x) = x - \sin(x)$ và $\beta(x) = x \ln(1+x) - x^2$ khi $x \to 0$. a) Tìm bậc và phần chính của $\alpha(x)$. b) Tìm bậc và phần chính của $\beta(x)$. c) So sánh bậc của hai VCB này và tính giới hạn $\lim_{x \to 0} \frac{\alpha(x)}{\beta(x)}$.
0,4,6,2,1,"Học sinh đã thực hiện đúng các bước rút gọn ban đầu và sử dụng khai triển Taylor. Tuy nhiên, có một sai sót lớn trong việc xác định bậc của VCL. Theo đáp án chuẩn, $f(x)$ có phần chính là $rac{2}{3x}$, do đó bậc của nó so với $1/x$ là 1. Học sinh đã nhầm lẫn khi kết luận $f(x)$ tiến về hằng số $rac{2}{3}$ và suy ra bậc 0. Ngoài ra, khai triển Taylor trong phần b) của học sinh là $o(1/x)$, trong khi đáp án chuẩn sử dụng $o(u)$, điều này cần được làm rõ hơn về cấp bậc của $o$ trong khai triển. Đáp án chuẩn cũng có sai sót nhỏ trong phần a) khi thay $x$ bằng $x^2$ trong biểu thức rút ra. Tuy nhiên, với sai sót cơ bản về bậc của VCL, điểm số của học sinh rất thấp.",Tìm bậc (so với $1/x$) của VCL $f(x) = (x^3+x)^{1/3} - (x^3-x)^{1/3}$ khi $x \to +\infty$. a) Rút $x^3$ ra khỏi mỗi căn thức bậc ba. b) Sử dụng khai triển $(1+u)^a = 1+au+o(u)$ cho các biểu thức còn lại. c) Rút gọn và xác định bậc.
10,10,10,10,10,"Bài làm của học sinh rất tốt, trình bày đầy đủ, lập luận logic và chính xác từng bước. Các khái niệm về VCB, bậc và phần chính được vận dụng một cách thuần thục. Đặc biệt, việc áp dụng khai triển Taylor một cách sáng tạo cho cả các hàm lồng nhau là điểm cộng lớn.","Cho $\alpha(x)$ là một VCB khi $x \to 0$ sao cho $\alpha(x) \sim Ax^k$ ($A,k>0$). Xét VCB lồng nhau $\beta(x) = \ln(1+\alpha(x))$. a) Chứng minh rằng $\beta(x)$ là VCB cùng bậc với $\alpha(x)$. b) Xét $\gamma(x) = \cos(\alpha(x))-1$. Tìm bậc và phần chính của $\gamma(x)$. c) Áp dụng, tìm bậc và phần chính của VCB $f(x) = \cos(\sin^2 x) - 1$ khi $x \to 0$."
4,5,5,4,4,"Học sinh đã hiểu được cách tiếp cận bài toán nhưng mắc nhiều lỗi trong quá trình khai triển Maclaurin và tính toán. Phần a) có ý tưởng đúng nhưng tính toán sai hệ số. Phần b) và c) dựa trên kết quả sai ở phần a, dẫn đến kết quả cuối cùng sai. Cần chú ý cẩn thận hơn trong các bước khai triển và phép tính.","Tìm giới hạn $L = \lim_{x \to 0} (\frac{(1+x)^{1/x}}{e})^{1/x}$. a) Đặt $f(x) = (1+x)^{1/x}$. Sử dụng khai triển Maclaurin, chứng minh rằng $f(x) = e(1 - \frac{x}{2} + \frac{11}{24}x^2 + o(x^2))$. b) Thay khai triển này vào biểu thức giới hạn. c) Sử dụng VCB tương đương $(1+u)^a-1 \sim au$ hoặc khai triển $e^u$ để tính giới hạn cuối cùng."
10,10,10,10,10,"Lời giải của học sinh hoàn toàn chính xác, tuân thủ đúng các bước và sử dụng khai triển Maclaurin một cách hiệu quả để giải quyết bài toán. Cách trình bày rõ ràng, logic và mạch lạc.","Cho VCB $\alpha(x) = \sinh(x) - \sin(x)$ và $\beta(x) = \cosh(x) - \cos(x)$ khi $x \to 0$. a) Sử dụng khai triển Maclaurin của các hàm hyperbolic và lượng giác để tìm bậc và phần chính của $\alpha(x)$. b) Tương tự, tìm bậc và phần chính của $\beta(x)$. c) Tính $\lim_{x \to 0} \frac{\alpha(x)}{\beta(x)}$."
10,10,10,10,10,"Bài giải của học sinh đã trình bày đầy đủ, chính xác các bước khai triển Maclaurin, thay thế và tìm điều kiện cho hằng số a, cũng như xác định bậc của VCB. Cách lập luận logic và rõ ràng.","Tìm hằng số $a$ và bậc $k$ của VCB $\alpha(x) = (1+ax^2)^{1/3} - \cos(x)$ sao cho $\alpha(x)$ có bậc cao hơn 2 khi $x \to 0$. a) Viết khai triển Maclaurin của $(1+ax^2)^{1/3}$ và $\cos(x)$ đến bậc 4. b) Thay vào biểu thức $\alpha(x)$ và nhóm các số hạng. c) Tìm $a$ để hệ số của $x^2$ triệt tiêu, từ đó suy ra bậc $k$ của VCB mới."
2,3,3,2,2,"Phần a) sai hoàn toàn khi nhận định f(x) là VCL khi x->0+. Phần b) không trả lời đúng câu hỏi, nhận định sai là f(x) không phải VCB khi x->0-, và đưa ra giả định không có trong đề bài. Phần c) có cố gắng so sánh nhưng lập luận chưa chặt chẽ và kết luận cuối cùng chưa chính xác. Lập luận chung về giới hạn của e^{-1/x} khi x tiến về 0 là sai ở cả hai phía.","Cho $f(x) = (x^2+1)e^{-1/x}$. a) Khi $x \to 0^+$, đây có phải là một VCL không? Tìm phần chính của nó. b) Khi $x \to 0^-$, đây có phải là một VCB không? Tìm bậc và phần chính của nó. c) So sánh $f(x)$ với $g(x)=x^n$ khi $x \to 0^-$."
10,10,10,10,10,"Lời giải rất đầy đủ, chi tiết và chính xác theo từng bước yêu cầu của đề bài. Học sinh đã thực hiện đúng các biến đổi, khai triển Taylor và tính toán để đưa ra kết quả cuối cùng một cách logic.","Tìm giới hạn $L = \lim_{x \to +\infty} x^2(e^{1/x} - e^{1/(x+1)})$. a) Đặt $u=1/x$. Khi $x \to +\infty$, $u$ tiến đến đâu? Viết lại giới hạn theo $u$. b) Sử dụng khai triển $e^t = 1+t+t^2/2+o(t^2)$ để khai triển các số hạng trong ngoặc. c) Rút gọn và tính giới hạn."
2,3,4,3,3,"Học sinh đã xác định sai phần dư của khai triển Maclaurin cho sin(x). Khai triển Maclaurin của sin(x) có dạng $\sin(x) = x - \frac{x^3}{3!} + \frac{x^5}{5!} - \dots + (-1)^{n-1}\frac{x^{2n-1}}{(2n-1)!} + R_n(x)$. Phần dư $\alpha_n(x)$ theo định nghĩa trong đề bài là hiệu giữa $\sin(x)$ và phần đa thức có bậc cao nhất là $2n-1$. Do đó, $\alpha_n(x)$ sẽ bắt đầu bằng số hạng bậc $2n+1$. Việc xác định sai bậc ban đầu dẫn đến các câu trả lời sai ở phần b và c. Cần làm rõ định nghĩa ""phần dư của khai triển Maclaurin"" và cách xác định bậc của nó. Phần c, học sinh nhận định đúng là giới hạn không tồn tại nếu theo cách hiểu ban đầu, nhưng lại không đưa ra được kết quả đúng khi xem xét định nghĩa chính xác hơn.",Cho VCB $\alpha_n(x) = \sin(x) - (x - \frac{x^3}{3!} + ... + (-1)^{n-1}\frac{x^{2n-1}}{(2n-1)!})$ là phần dư của khai triển Maclaurin cho $\sin(x)$. a) Bậc của VCB $\alpha_n(x)$ khi $x \to 0$ là gì? b) Xét $\beta(x) = x \alpha_n(x)$. Bậc của VCB này là bao nhiêu? c) Tính giới hạn $\lim_{x \to 0} \frac{\alpha_n(x)}{x^{2n}}$.
10,9,9,10,9,"Bài làm của học sinh đã giải quyết đúng cả ba phần của bài toán. Lập luận cho phần a) và b) là chính xác và đầy đủ, sử dụng đúng Nguyên lý kẹp. Phần c) cũng cho kết quả đúng và có sự so sánh hợp lý về tốc độ hội tụ. Tuy nhiên, phần lập luận cho câu c) có thể chi tiết hơn một chút để rõ ràng hơn việc áp dụng Nguyên lý kẹp cho hàm g(x), tương tự như cách làm ở câu a).","Xét hàm số $f(x)$ được định nghĩa bởi: $f(x) = \begin{cases} x^2 \sin(\frac{1}{x}) & \text{khi } x \neq 0 \\ 0 & \text{khi } x = 0 \end{cases}$. a) Tính giới hạn của $f(x)$ khi $x \to 0$. Gợi ý: Sử dụng Nguyên lý kẹp. b) Dựa vào kết quả câu a, hãy cho biết hàm số $f(x)$ có liên tục tại $x=0$ không? Giải thích. c) Hàm số $g(x) = x \sin(\frac{1}{x})$ (với $g(0)=0$) có liên tục tại $x=0$ không? So sánh với $f(x)$."
9,9,9,9,9,"Bài giải của học sinh rất tốt, tuy nhiên cách trình bày tập xác định có thể rõ ràng hơn một chút. Thay vì dùng ký hiệu hợp [-3, 1) ∪ (1, ∞), có thể sử dụng ký hiệu tập hợp D = [-3, ∞) \ {1} để thống nhất với cách diễn đạt của đáp án chuẩn. Việc gọi tên dạng gián đoạn là ""lỗ hổng"" là chưa đủ, cần bổ sung thêm thuật ngữ chuyên môn ""gián đoạn khử được"" hoặc ""gián đoạn loại I"" như trong đáp án chuẩn.",Cho hàm số $f(x) = \frac{\sqrt{x+3} - 2}{x-1}$. a) Tìm tập xác định của hàm số $f(x)$. Điểm $x=1$ có thuộc tập xác định không? b) Tính $\lim_{x \to 1} f(x)$. c) Hàm số $f(x)$ có một 'lỗ hổng' tại $x=1$. Hãy định nghĩa lại hàm số $f(x)$ tại $x=1$ để nó trở thành một hàm số $g(x)$ liên tục tại điểm đó. Dạng gián đoạn này gọi là gì?
10,10,10,10,10,"Bạn đã trả lời đúng và đầy đủ các phần của bài toán. Lập luận chặt chẽ, rõ ràng và chính xác về mặt toán học. Cách trình bày tuân thủ đúng yêu cầu của Định lý giá trị trung gian.","Sử dụng Định lý giá trị trung gian (Intermediate Value Theorem - IVT). a) Phát biểu các điều kiện cần thiết để áp dụng Định lý giá trị trung gian cho hàm $f(x)$ trên đoạn $[a, b]$. b) Chứng minh rằng phương trình $x^3 + 2x - 5 = 0$ có ít nhất một nghiệm thực trong khoảng $(1, 2)$. c) Phương trình $\cos(x) = x$ có nghiệm trong khoảng $(0, \frac{\pi}{2})$ không? Giải thích bằng IVT."
10,10,10,10,10,"Lời giải của học sinh hoàn toàn chính xác và đầy đủ. Các bước lập luận rõ ràng, trình bày mạch lạc và sử dụng đúng các khái niệm toán học. Việc xác định loại gián đoạn là chính xác.","Cho hàm số $f(x) = \frac{|x-2|}{x-2}$. a) Tìm tập xác định của $f(x)$. b) Tính giới hạn trái $\lim_{x \to 2^-} f(x)$ và giới hạn phải $\lim_{x \to 2^+} f(x)$. c) Dựa vào kết quả câu b, hàm số có liên tục tại $x=2$ không? Nếu không, đây là loại gián đoạn gì?"
10,10,10,10,10,"Lời giải của học sinh hoàn toàn chính xác và đầy đủ các bước. Lập luận chặt chẽ, trình bày rõ ràng và tuân thủ đúng định nghĩa về tính liên tục của hàm số. Các bước tính toán và giải hệ phương trình cũng rất chính xác.",Tìm các hằng số $a$ và $b$ để hàm số sau liên tục trên toàn bộ tập số thực R. $f(x) = \begin{cases} 2x+1 & \text{khi } x < 0 \\ a\cos(x) + b & \text{khi } 0 \le x \le \pi \\ \sin(x) - 3 & \text{khi } x > \pi \end{cases}$ a) Viết điều kiện để hàm số liên tục tại $x=0$. b) Viết điều kiện để hàm số liên tục tại $x=\pi$. c) Giải hệ phương trình tìm $a$ và $b$.
10,10,10,10,10,"Lời giải của học sinh rất chi tiết, mạch lạc và hoàn toàn chính xác. Học sinh đã thực hiện đầy đủ các bước cần thiết để phân tích tính liên tục của hàm hợp, từ việc tìm điểm gián đoạn của hàm thành phần đến việc xác định hàm hợp và tập xác định của nó. Lập luận về nguyên nhân gián đoạn cũng rất rõ ràng.",Xét tính liên tục của hàm hợp. Cho hai hàm số $f(x) = \frac{1}{x-1}$ và $g(x) = x^2+1$. a) Tìm điểm gián đoạn của $f(x)$ và $g(x)$. b) Xác định hàm hợp $h(x) = g(f(x))$ và tìm tập xác định của nó. c) Hàm $h(x)$ gián đoạn tại đâu? Giải thích.
9,9,9,9,9,"Bài làm của học sinh rất tốt, trả lời đầy đủ các ý của câu hỏi với lập luận rõ ràng và chính xác. Tuy nhiên, ở phần b) khi xét tính liên tục tại x=1.5, học sinh kết luận hàm số liên tục vì giới hạn trái = giới hạn phải = giá trị hàm số, điều này là đúng. Tuy nhiên, phần giải thích về giới hạn trái và phải không hoàn toàn rõ ràng cho trường hợp này. Mặc dù [1.5]=1, giới hạn trái của [x] khi x tiến về 1.5 là 1 và giới hạn phải là 1, nhưng việc diễn giải tại sao giới hạn trái là 1 (do các giá trị nhỏ hơn 1.5 nhưng vẫn lớn hơn hoặc bằng 1) và giới hạn phải là 1 (do các giá trị lớn hơn 1.5 nhưng vẫn nhỏ hơn 2) chưa được nêu bật. Phần kết luận tổng quát ở c) là chính xác và dựa trên phân tích ở b).","Hàm số phần nguyên $f(x) = [x]$ (greatest integer function) được định nghĩa là số nguyên lớn nhất không vượt quá $x$. Ví dụ: $[3.14]=3, [5]=5, [-1.5]=-2$. a) Vẽ (hoặc mô tả) đồ thị của hàm số $f(x)=[x]$ trên đoạn $[-2, 3]$. b) Tại các điểm $x=1.5$ và $x=2$, hàm số có liên tục không? Tính giới hạn trái, giới hạn phải tại các điểm đó. c) Đưa ra kết luận tổng quát về các điểm gián đoạn của hàm $f(x)=[x]$."
10,10,10,10,10,"Lời giải rất đầy đủ, chính xác và chi tiết. Học sinh đã thực hiện đúng các bước để tìm tập xác định, xét tính liên tục trên khoảng mở và kiểm tra tại các đầu mút của đoạn. Lập luận rõ ràng, logic và sử dụng đúng các định lý, tính chất về hàm số liên tục.","Xét tính liên tục trên một đoạn. Cho hàm số $f(x) = \sqrt{4-x^2}$. a) Tìm tập xác định của hàm số $f(x)$. Đây là một đoạn đóng hay mở b) Hàm số có liên tục trong khoảng $(-2, 2)$ không? Vì sao? c) Để nói hàm số liên tục trên tập xác định của nó, ta cần kiểm tra thêm điều gì? Hãy thực hiện việc kiểm tra đó."
10,10,10,10,10,"Lời giải của học sinh hoàn toàn chính xác, đầy đủ và trình bày rõ ràng theo từng bước. Lập luận chặt chẽ, sử dụng đúng các định nghĩa về liên tục và gián đoạn của hàm số. Đã trả lời đầy đủ các ý trong câu hỏi.","Cho hàm số $f(x) = e^x$ và $g(x) = \begin{cases} 1 & \text{khi } x > 0 \\ -1 & \text{khi } x \le 0 \end{cases}$. a) Hàm $f(x)$ và $g(x)$ có những điểm gián đoạn nào? b) Xét hàm hợp $h(x) = f(g(x))$. Hãy viết biểu thức của $h(x)$ dưới dạng hàm piecewise (hàm cho bởi nhiều công thức). c) Dựa vào biểu thức của $h(x)$ ở câu b, hàm số này có liên tục tại $x=0$ không? Giải thích."
10,10,10,10,10,"Bài giải của bạn đã giải quyết hoàn toàn các yêu cầu của đề bài. Các bước lập luận rõ ràng, chính xác, và kết quả cuối cùng đúng với đáp án chuẩn. Cách trình bày các khái niệm liên quan đến tính liên tục và đạo hàm cũng rất tốt.","Một vật thể di chuyển theo phương trình $s(t)$, trong đó $s$ là quãng đường (mét) và $t$ là thời gian (giây). Phương trình được cho bởi: $s(t) = \begin{cases} t^2 & \text{khi } 0 \le t \le 2 \\ at+b & \text{khi } t > 2 \end{cases}$. a) Để quãng đường không bị 'nhảy' một cách đột ngột tại thời điểm $t=2$, mối quan hệ giữa $a$ và $b$ phải là gì? Điều này tương ứng với khái niệm nào trong giải tích? b) Vận tốc tức thời được cho bởi đạo hàm $v(t) = s'(t)$. Giả sử vật chuyển động 'trơn tru', tức là vận tốc không thay đổi đột ngột tại $t=2$. Hãy tính vận tốc tại $t=2$ từ hai phía và tìm ra giá trị của $a$. c) Từ các kết quả trên, hãy tìm $a$ và $b$ để cả quãng đường và vận tốc đều liên tục tại $t=2$."
10,10,10,10,10,"Học sinh đã giải bài toán một cách hoàn chỉnh và chính xác. Các bước lập luận logic, rõ ràng và áp dụng đúng các định lý toán học. Lời giải đầy đủ, bao gồm cả các trường hợp đặc biệt và trường hợp tổng quát.","Chứng minh sự tồn tại của điểm bất động (Fixed Point). Một điểm $c$ được gọi là điểm bất động của hàm $f(x)$ nếu $f(c)=c$. a) Cho hàm số $f(x)$ liên tục trên đoạn $[0, 1]$ và giá trị của hàm số cũng nằm trong đoạn này, tức là $f: [0, 1] \to [0, 1]$. Hãy định nghĩa một hàm phụ $g(x) = f(x) - x$. Hàm $g(x)$ có liên tục trên $[0, 1]$ không? b) Tính $g(0)$ và $g(1)$. Hãy nhận xét về dấu của chúng (hoặc giá trị có thể có). c) Áp dụng Định lý giá trị trung gian (IVT) cho hàm $g(x)$, hãy chứng minh rằng luôn tồn tại ít nhất một điểm bất động $c \in [0, 1]$ của hàm $f(x)$."
10,10,10,10,10,"Bài giải của học sinh rất tốt, trình bày rõ ràng, logic, sử dụng đúng các quy tắc L'Hôpital để tính giới hạn và tìm ra đúng giá trị của tham số $a$. Cách phân tích bài toán và các bước giải đều chính xác.","Tìm giá trị của tham số $a$ để hàm số sau liên tục tại $x=0$, sử dụng các quy tắc nâng cao để tính giới hạn. $f(x) = \begin{cases} \frac{e^{ax} - \cos(2x) - ax}{x^2} & \text{khi } x \neq 0 \\ 3 & \text{khi } x = 0 \end{cases}$ a) Xác định dạng vô định của giới hạn $\lim_{x \to 0} f(x)$. b) Sử dụng quy tắc L'Hôpital hai lần để tính giới hạn này theo tham số $a$. c) Dựa vào điều kiện liên tục, tìm giá trị của $a$."
10,10,10,10,10,"Lời giải của học sinh rất đầy đủ, chính xác và logic. Cách sử dụng dãy số để chứng minh sự tồn tại/không tồn tại của giới hạn ở câu a) là chuẩn mực. Việc áp dụng Nguyên lý kẹp ở câu b) cũng rất hợp lý và cho kết quả đúng. Kết luận ở câu c) bao quát toàn bộ vấn đề. Tất cả các tiêu chí đều đạt điểm tối đa.",Xét một hàm số kỳ lạ: $f(x) = \begin{cases} x & \text{nếu } x \in \mathbb{Q} \text{ (số hữu tỉ)} \\ 0 & \text{nếu } x \in \mathbb{I} \text{ (số vô tỉ)} \end{cases}$. a) Xét tính liên tục của $f(x)$ tại $x=1$. Gợi ý: Tìm một dãy số vô tỉ hội tụ về 1 và một dãy số hữu tỉ hội tụ về 1. b) Xét tính liên tục của $f(x)$ tại $x=0$ bằng định nghĩa giới hạn (sử dụng Nguyên lý kẹp). c) Kết luận về tập hợp các điểm mà tại đó $f(x)$ liên tục.
10,9,9,10,9,"Học sinh đã giải quyết đúng tất cả các phần của bài toán. Lập luận cho câu a và c rõ ràng và chính xác. Phần b áp dụng đúng kết quả từ câu a. Có thể cải thiện thêm về cách trình bày lập luận cho câu a để mạch lạc hơn, tuy nhiên vẫn đạt điểm cao.","Sử dụng Định lý giá trị lớn nhất và nhỏ nhất (Extreme Value Theorem - EVT). Định lý phát biểu rằng một hàm số liên tục trên một đoạn đóng $[a, b]$ thì sẽ đạt được giá trị lớn nhất $M$ và giá trị nhỏ nhất $m$ trên đoạn đó. a) Cho $f(x)$ là một hàm đa thức bậc chẵn với hệ số của số hạng bậc cao nhất là dương. Chứng minh rằng $f(x)$ có một giá trị nhỏ nhất toàn cục trên $\mathbb{R}$. Gợi ý: Xét giới hạn khi $x \to \pm\infty$. b) Áp dụng cho hàm $f(x) = x^4 - 4x + 10$. Chứng minh rằng tồn tại $x_0$ sao cho $f(x_0) \le f(x)$ với mọi $x \in \mathbb{R}$. c) Đa thức bậc lẻ có luôn đạt giá trị nhỏ nhất hoặc lớn nhất toàn cục không? Giải thích."
10,10,10,10,10,"Bài làm của học sinh trình bày đầy đủ, logic và chính xác, bám sát yêu cầu của từng phần. Các bước lập luận rõ ràng, áp dụng đúng kiến thức về tính liên tục của hàm số và đồng nhất thức đã cho. Cách diễn đạt dễ hiểu, không mắc lỗi sai.","Xét tính liên tục của hàm hợp $h(x) = \max\{f(x), g(x)\}$. a) Chứng minh đồng nhất thức sau: $\max\{a, b\} = \frac{1}{2}(a+b + |a-b|)$. b) Cho hai hàm số $f(x)$ và $g(x)$ cùng liên tục trên $\mathbb{R}$. Sử dụng đồng nhất thức ở câu a, hãy chứng minh rằng hàm số $h(x) = \max\{f(x), g(x)\}$ cũng liên tục trên $\mathbb{R}$. c) Tương tự, hàm $k(x) = \min\{f(x), g(x)\}$ có liên tục không? Viết biểu thức tương tự cho $\min\{a, b\}$."
10,10,10,10,10,"Bài giải của học sinh rất tốt, bám sát các bước phân tích và chứng minh theo yêu cầu của đề bài. Các lập luận về tính liên tục của hàm g(theta), tính toán g(0) và g(pi), và việc áp dụng Định lý giá trị trung gian đều chính xác và rõ ràng. Học sinh đã trình bày đầy đủ và mạch lạc theo từng phần của câu hỏi.","Bài toán IVT trên đường tròn. Giả sử nhiệt độ trên đường xích đạo của Trái Đất là một hàm liên tục theo vị trí. a) Gọi $T(\theta)$ là hàm nhiệt độ tại điểm có kinh độ $\theta$, với $\theta \in [0, 2\pi]$. Giả sử $T$ là hàm liên tục và $T(0) = T(2\pi)$ (quay đủ một vòng thì trở về điểm xuất phát). Mục tiêu là chứng minh có hai điểm đối diện nhau trên xích đạo có cùng nhiệt độ. b) Định nghĩa hàm số $g(\theta) = T(\theta) - T(\theta + \pi)$ trên đoạn $[0, \pi]$. Hàm $g(\theta)$ có liên tục không? Tại sao? c) Tính $g(0)$ và $g(\pi)$. So sánh chúng và dùng Định lý giá trị trung gian để hoàn thành chứng minh."
10,10,10,10,10,"Bài giải của học sinh rất tốt, đầy đủ, chính xác và logic. Các bước giải được trình bày rõ ràng, mạch lạc, đi từ các trường hợp đơn giản đến tổng quát. Việc sử dụng quy nạp và tính liên tục tại một điểm để suy ra kết quả cuối cùng là hoàn toàn chính xác. Hướng dẫn trong gợi ý cũng được học sinh vận dụng hiệu quả.","Tính liên tục và phương trình hàm Cauchy. Xét một hàm số $f: \mathbb{R} \to \mathbb{R}$ thỏa mãn phương trình hàm $f(x+y) = f(x) + f(y)$ với mọi $x, y \in \mathbb{R}$. a) Cho $x=y=0$, hãy tìm $f(0)$. Cho $y=-x$, hãy chứng tỏ $f(x)$ là hàm lẻ. b) Bằng quy nạp, chứng minh rằng $f(nx) = n f(x)$ với mọi số nguyên $n$ và $x \in \mathbb{R}$. Từ đó suy ra $f(q) = q \cdot f(1)$ với mọi số hữu tỉ $q$. c) Giả sử thêm rằng $f(x)$ liên tục tại một điểm duy nhất là $x=0$. Hãy chứng minh $f(x) = cx$ với mọi $x \in \mathbb{R}$, trong đó $c=f(1)$. Gợi ý: Với mọi số vô tỉ $x$, luôn tồn tại một dãy số hữu tỉ $q_n$ hội tụ về $x$."
10,9,9,9,9,Học sinh đã giải quyết đúng tất cả các phần của bài toán. Lập luận chặt chẽ và sử dụng đúng các định nghĩa về các loại điểm gián đoạn. Cách chọn dãy số trong phần b rất sáng tạo và hiệu quả. Phần c giải thích rõ ràng lý do giới hạn không tồn tại và phân loại đúng loại gián đoạn. Có thể cải thiện thêm một chút ở phần trình bày ký hiệu toán học và lời giải thích cho phần b để rõ ràng hơn về sự dao động của hàm.,"Phân loại điểm gián đoạn vô hạn và dao động. a) Xét hàm số $f(x) = \frac{1}{(x-2)^2}$. Tính giới hạn trái và phải của $f(x)$ khi $x \to 2$. Loại gián đoạn tại $x=2$ là gì? b) Xét hàm số $g(x) = \sin(\frac{1}{x-1})$ tại $x=1$. Hãy tìm hai dãy số $x_n$ và $y_n$ cùng tiến về 1 nhưng làm cho $g(x_n)$ và $g(y_n)$ tiến về hai giá trị khác nhau. c) Từ kết quả câu b, $\lim_{x \to 1} g(x)$ có tồn tại không? Loại gián đoạn này có phải là gián đoạn bước nhảy hay gián đoạn vô hạn không? Nó được gọi là gì?"
10,9,9,10,9,"Bài giải rất tốt, thể hiện sự hiểu biết sâu sắc về hàm Thomae và các khái niệm về tính liên tục, gián đoạn. Phần lý luận cho cả hai trường hợp (hữu tỉ và vô tỉ) đều chặt chẽ và chính xác. Có một chút gợi ý nhỏ cho phần c) để làm rõ hơn nữa về cách chọn delta.","Tính liên tục của hàm Thomae (Thomae's function). Xét hàm số $f: (0, 1) \to \mathbb{R}$ được định nghĩa như sau: $f(x) = \begin{cases} \frac{1}{q} & \text{nếu } x = \frac{p}{q} \text{ là số hữu tỉ tối giản } (p, q \in \mathbb{N}^*, q \ge 1) \\ 0 & \text{nếu } x \text{ là số vô tỉ} \end{cases}$. a) Tính $f(\frac{1}{2})$, $f(\frac{3}{4})$, $f(\frac{\sqrt{2}}{2})$. b) Chứng minh rằng $f(x)$ gián đoạn tại mọi điểm hữu tỉ $x_0 \in (0, 1)$. Gợi ý: Tìm một dãy số vô tỉ hội tụ về $x_0$. c) Chứng minh rằng $f(x)$ liên tục tại mọi điểm vô tỉ $x_0 \in (0, 1)$. Gợi ý: Với một $\epsilon > 0$ cho trước, chứng tỏ chỉ có hữu hạn các số hữu tỉ $\frac{p}{q}$ sao cho $\frac{1}{q} \ge \epsilon$."
10,10,10,10,10,"Học sinh đã giải quyết bài toán một cách chính xác và đầy đủ. Lập luận rõ ràng, mạch lạc, bám sát định nghĩa và định lý được đưa ra. Cách trình bày khoa học, dễ hiểu.","Tính liên tục đều (Uniform Continuity). Một hàm $f$ được gọi là liên tục đều trên tập $A$ nếu với mọi $\epsilon > 0$, tồn tại $\delta > 0$ sao cho với mọi $x, y \in A$, nếu $|x-y| < \delta$ thì $|f(x)-f(y)| < \epsilon$. a) Xét hàm $f(x)=x^2$ trên đoạn $[0, 2]$. Chứng minh rằng nó liên tục đều trên đoạn này. b) Xét hàm $g(x)=\frac{1}{x}$ trên khoảng $(0, 1)$. Chứng tỏ rằng nó không liên tục đều. Gợi ý: Chọn $\epsilon=1$, hãy chỉ ra rằng không có $\delta$ nào thỏa mãn. c) Một định lý quan trọng phát biểu: Nếu một hàm số liên tục trên một đoạn đóng, bị chặn $[a, b]$ thì nó liên tục đều trên đoạn đó. Dựa vào định lý này, hãy cho biết hàm nào trong hai hàm trên chắc chắn liên tục đều mà không cần chứng minh chi tiết."
10,10,10,10,10,"Bài giải của học sinh hoàn toàn chính xác và đầy đủ. Các bước lập luận logic, rõ ràng và thể hiện sự hiểu biết sâu sắc về khái niệm đạo hàm và tính liên tục của đạo hàm. Việc sử dụng Nguyên lý kẹp là chính xác và hiệu quả.","Tính liên tục của đạo hàm. Xét hàm số $f(x) = \begin{cases} x^2 \sin(\frac{1}{x}) & \text{khi } x \neq 0 \\ 0 & \text{khi } x = 0 \end{cases}$. a) Ta đã biết hàm $f(x)$ liên tục tại $x=0$. Hãy tính đạo hàm $f'(x)$ với $x \neq 0$. b) Dùng định nghĩa đạo hàm $f'(0) = \lim_{h \to 0} \frac{f(0+h) - f(0)}{h}$ để tính $f'(0)$. c) Dựa vào kết quả câu a, hãy tính $\lim_{x \to 0} f'(x)$. Giới hạn này có tồn tại không? d) Kết quả ở câu b và c cho ta kết luận gì về tính liên tục của hàm đạo hàm $f'(x)$ tại $x=0$?"
10,9,9,10,9,"Bài giải đã chứng minh đầy đủ và chính xác các yêu cầu của đề bài. Phần phát biểu định lý ở câu a) cần chính xác hơn một chút theo định nghĩa chuẩn. Ở câu c), cách lập luận 'Áp dụng IVT cho f trên [a,b], tồn tại c ∈ [a,b] sao cho f(c) = y' khi m < y < M, cần làm rõ hơn là f liên tục trên đoạn con xác định bởi các điểm đạt min, max. Tuy nhiên, cách diễn đạt hiện tại vẫn được chấp nhận và hiểu đúng ý.","Ảnh của một tập compact. Một định lý nền tảng của giải tích khẳng định rằng ảnh của một tập compact (đóng và bị chặn) qua một hàm liên tục cũng là một tập compact. a) Cho hàm $f$ liên tục trên đoạn $[a, b]$. Hãy phát biểu Định lý giá trị lớn nhất-nhỏ nhất (EVT) và Định lý giá trị trung gian (IVT). b) Sử dụng EVT, hãy chứng minh rằng tập giá trị (range) của $f$, ký hiệu là $f([a,b])$, là một tập bị chặn và chứa hai phần tử là infimum và supremum của nó. c) Gọi $m = \min_{x \in [a,b]} f(x)$ và $M = \max_{x \in [a,b]} f(x)$ là hai giá trị tìm được ở câu b. Sử dụng IVT, chứng minh rằng tập giá trị của $f$ chứa toàn bộ đoạn $[m, M]$. Từ đó kết luận $f([a, b]) = [m, M]$, là một đoạn đóng và bị chặn."
10,10,10,10,10,"Bài giải đầy đủ, chi tiết, logic và chính xác. Học sinh đã nắm vững phương trình hàm mũ và cách sử dụng tính chất liên tục để suy rộng.","Phương trình hàm mũ. Tìm tất cả các hàm số $f: \mathbb{R} \to \mathbb{R}$ liên tục tại $x=0$ và thỏa mãn $f(x+y) = f(x)f(y)$ với mọi $x, y \in \mathbb{R}$. a) Tìm $f(0)$. Suy ra rằng nếu tồn tại $x_0$ sao cho $f(x_0)=0$, thì $f(x)=0$ với mọi $x$. b) Giả sử $f(x)$ không phải là hàm hằng không. Chứng minh $f(x) > 0$ với mọi $x$. Gợi ý: $f(x) = f(x/2 + x/2)$. c) Đặt $a=f(1)$. Chứng minh rằng $f(q) = a^q$ với mọi số hữu tỉ $q$. d) Sử dụng tính liên tục của $f$ để mở rộng kết quả từ câu c cho mọi số thực $x$."
10,10,10,10,10,"Bài giải của học sinh đã giải quyết đầy đủ và chính xác tất cả các phần của bài toán. Các lập luận logic, rõ ràng và bám sát các định lý đã cho. Việc sử dụng Định lý giá trị trung bình và các bước chứng minh đều đạt yêu cầu.","Tính liên tục Lipschitz. Một hàm số $f$ được gọi là liên tục Lipschitz trên tập $A$ nếu tồn tại hằng số $K > 0$ (hằng số Lipschitz) sao cho $|f(x) - f(y)| \le K|x-y|$ với mọi $x, y \in A$. a) Chứng minh rằng nếu $f$ liên tục Lipschitz trên $A$ thì $f$ liên tục đều trên $A$. b) Sử dụng Định lý giá trị trung bình (Mean Value Theorem), chứng minh rằng nếu $f$ khả vi trên $(a, b)$ và đạo hàm $f'(x)$ bị chặn, tức là $|f'(x)| \le K$ với mọi $x \in (a, b)$, thì $f$ liên tục Lipschitz trên $(a, b)$. c) Dùng kết quả câu b để chứng minh $f(x) = \sqrt{x^2+1}$ liên tục đều trên $\mathbb{R}$."
10,10,10,10,10,"Bài giải của học sinh rất tốt, phân tích đầy đủ các phần của bài toán. Lời giải chặt chẽ, chính xác và trình bày rõ ràng. Các bước phân tích về giới hạn điểm, tính liên tục của các hàm $f_n$ và hàm giới hạn $f$, cũng như sự khác biệt giữa hội tụ điểm và hội tụ đều đều được làm rõ. Không có điểm nào cần chỉnh sửa.","Giới hạn của dãy hàm và tính liên tục. Xét dãy hàm $f_n(x) = x^n$ trên đoạn $[0, 1]$. a) Với mỗi $x \in [0, 1]$ cố định, hãy tính giới hạn điểm $f(x) = \lim_{n \to \infty} f_n(x)$. Viết biểu thức cho hàm $f(x)$. b) Mỗi hàm $f_n(x) = x^n$ có liên tục trên $[0, 1]$ không? c) Hàm giới hạn $f(x)$ tìm được ở câu a có liên tục trên $[0, 1]$ không? Nếu không, nó gián đoạn tại đâu? d) Kết quả này có mâu thuẫn với mệnh đề 'giới hạn của các hàm liên tục là một hàm liên tục' không? Giải thích sự khác biệt giữa hội tụ điểm (pointwise convergence) và hội tụ đều (uniform convergence)."
10,9,9,9,9,"Học sinh đã hiểu và giải quyết đúng cả ba phần của bài toán. Lập luận cho phần a) và b) tương đối rõ ràng và chính xác. Phần c) cũng đã phác thảo được ý tưởng chứng minh liên tục dựa trên kết quả của câu b) và tính bị chặn. Có thể cải thiện một chút ở phần lập luận bị chặn trên trong câu a) để chặt chẽ hơn. Tuy nhiên, nhìn chung đây là một bài làm tốt.","Tính liên tục và tính lồi. Một hàm số $f$ được gọi là lồi (convex) trên khoảng $(a,b)$ nếu với mọi $x, y \in (a,b)$ và mọi $t \in [0, 1]$, ta có $f(tx + (1-t)y) \le tf(x) + (1-t)f(y)$. a) Cho $f$ là một hàm lồi trên $(a,b)$. Lấy $x_0 \in (a,b)$ và chọn $\delta > 0$ đủ nhỏ sao cho $[x_0-\delta, x_0+\delta] \subset (a,b)$. Chứng minh rằng $f(x)$ bị chặn trên trong lân cận $(x_0-\delta, x_0+\delta)$. Gợi ý: biểu diễn $x_0$ qua $x_0-\delta$ và $x_0+\delta$. b) Sử dụng tính lồi, chứng minh rằng với ba điểm $u < v < w$ trong $(a,b)$, ta có $\frac{f(v)-f(u)}{v-u} \le \frac{f(w)-f(u)}{w-u} \le \frac{f(w)-f(v)}{w-v}$. (Bất đẳng thức ba dây cung). c) Dựa vào các kết quả trên, hãy phác thảo một chứng minh rằng mọi hàm lồi trên một khoảng mở đều liên tục trên khoảng đó."
10,10,10,10,10,"Bài giải của học sinh rất tốt, trả lời đầy đủ, chính xác và lập luận chặt chẽ theo từng phần của câu hỏi. Đặc biệt, phần tìm dãy và áp dụng Định lý Darboux đều được thực hiện một cách logic và hiệu quả.","Định lý Darboux (Tính chất giá trị trung gian của đạo hàm). Mặc dù đạo hàm không nhất thiết phải liên tục, nó vẫn có tính chất giá trị trung gian. a) Xét lại hàm $f(x) = x^2 \sin(1/x)$ và đạo hàm $f'(x) = 2x\sin(1/x) - \cos(1/x)$ với $f'(0)=0$. Hãy tìm một dãy $x_n \to 0$ sao cho $f'(x_n) = 1$ và một dãy $y_n \to 0$ sao cho $f'(y_n) = -1$. b) Phát biểu Định lý Darboux: Nếu $f$ khả vi trên $[a, b]$ và $k$ là một số bất kỳ giữa $f'(a)$ và $f'(b)$, thì tồn tại $c \in (a, b)$ sao cho $f'(c) = k$. c) Sử dụng kết quả câu a và Định lý Darboux, chứng minh rằng với mọi $\delta > 0$, hàm $f'(x)$ nhận mọi giá trị trong khoảng $[-1, 1]$ trên khoảng $(0, \delta)$."
10,9,9,9,9,"Bài giải rất tốt, đầy đủ các bước và lập luận logic. Có một chút nhầm lẫn nhỏ trong bước cơ sở của phần b) khi so sánh $x_1$ với $x_0$ nhưng đã nhanh chóng sửa lại. Tuy nhiên, cách diễn đạt ở bước quy nạp có thể rõ ràng hơn một chút, ví dụ như tách riêng việc chứng minh $x_{k+1} > x_k$ và $x_{k+1} < 2$ thành hai phần rõ ràng hơn.","Tính liên tục và dãy lặp. Xét hàm $f(x) = \sqrt{2+x}$ và dãy số $(x_n)$ được định nghĩa bởi $x_0 = 0$ và $x_{n+1} = f(x_n) = \sqrt{2+x_n}$ for $n \ge 0$. a) Giả sử dãy $(x_n)$ hội tụ đến một giới hạn $L$. Sử dụng tính liên tục của $f(x)$, hãy tìm giá trị của $L$. b) Bằng quy nạp, hãy chứng minh rằng dãy $(x_n)$ là dãy tăng và bị chặn trên bởi 2. c) Dựa vào Định lý hội tụ đơn điệu (một dãy tăng và bị chặn trên thì có giới hạn), hãy kết luận về sự hội tụ của dãy và xác nhận lại giá trị giới hạn tìm được ở câu a."
9,8,8,9,8,"Bài làm đã giải quyết tốt cả ba phần của bài toán. Phần a) giải thích rõ ràng ý nghĩa của đạo hàm đổi dấu. Phần b) trình bày đúng tiêu chuẩn Weierstrass và ý tưởng dao động. Phần c) đưa ra ý tưởng xây dựng hàm bằng cách 'chồng' dao động hợp lý và giải thích được tính liên tục. Tuy nhiên, ở phần b), việc chứng minh sự không đơn điệu có thể chi tiết hơn bằng cách đề cập đến sự phân kỳ của đạo hàm. Ở phần c), việc giải thích tại sao hàm vẫn liên tục đã được đề cập, nhưng cần nhấn mạnh hơn về ảnh hưởng của chuỗi dao động đến tính liên tục. Điểm chính xác cao vì các kết quả và lập luận đều đúng về mặt toán học.","Hàm số liên tục và không đơn điệu trên bất kỳ khoảng nào. a) Xét hàm $f(x) = x^2 \sin(1/x)$ với $f(0)=0$. Ta đã biết $f'(0)=0$ và $f'(x)$ nhận cả giá trị dương và âm trong mọi lân cận của 0. Điều này có ý nghĩa gì về tính đơn điệu của $f(x)$ xung quanh điểm $x=0$? b) Xây dựng một hàm số $g(x)$ liên tục trên $\mathbb{R}$ nhưng không đơn điệu trên bất kỳ khoảng $(a,b)$ nào. Gợi ý: Sử dụng chuỗi hàm, ví dụ $g(x) = \sum_{n=0}^{\infty} \frac{\cos(3^n x)}{2^n}$. (Kiến thức nâng cao: Chuỗi Weierstrass). c) Thay vì dùng chuỗi, hãy giải thích ý tưởng xây dựng một hàm như vậy bằng cách 'chồng' các dao động ngày càng nhỏ nhưng tần số ngày càng cao lên một hàm cơ sở, ví dụ $h(x) = x + f(x)$ với $f(x)$ là một hàm dao động phù hợp. Vì sao hàm này vẫn liên tục?"
10,10,10,10,10,"Bài làm của học sinh đã giải quyết đầy đủ và chính xác tất cả các phần của bài toán. Lập luận rõ ràng, mạch lạc, sử dụng đúng các định nghĩa và tính chất toán học. Cách trình bày khoa học, dễ hiểu, thể hiện sự nắm vững kiến thức về tính liên tục của hàm khoảng cách.","Tính liên tục của hàm khoảng cách. Cho $A$ là một tập con khác rỗng của $\mathbb{R}$. Định nghĩa hàm khoảng cách từ một điểm $x$ đến tập $A$ là $f_A(x) = \inf \{ |x-a| : a \in A \}$. a) Lấy hai điểm $x, y \in \mathbb{R}$. Chứng minh rằng với mọi $a \in A$, ta có $|x-a| \le |x-y| + |y-a|$. b) Từ bất đẳng thức trên, hãy suy ra $f_A(x) \le |x-y| + f_A(y)$. Bằng cách hoán đổi vai trò của $x$ và $y$, hãy chứng minh rằng $|f_A(x) - f_A(y)| \le |x-y|$. c) Kết luận gì về tính liên tục của hàm $f_A(x)$ trên $\mathbb{R}$? Hàm này có liên tục đều không?"
10,10,10,10,10,"Lời giải của học sinh hoàn toàn chính xác, lập luận chặt chẽ, trình bày rõ ràng và đạt điểm tối đa ở tất cả các tiêu chí.","Xét hàm số cho bởi hai quy tắc: $f(x) = \begin{cases} ax^2 + bx + 1 & \text{khi } x \ge 1 \\ 2x - 1 & \text{khi } x < 1 \end{cases}$. a) Tìm điều kiện của $a$ và $b$ để hàm số liên tục tại $x=1$. b) Với điều kiện tìm được ở câu a, hãy tìm $a$ và $b$ để hàm số có đạo hàm tại $x=1$. c) Viết phương trình tiếp tuyến của đồ thị hàm số tại $x=1$ với các giá trị $a, b$ vừa tìm được."
10,10,10,10,10,"Lời giải của học sinh rất tốt, đầy đủ các bước và lập luận chặt chẽ. Tuy nhiên, ở phần chứng minh quy nạp, học sinh đã xét trường hợp n=0, trong khi đề bài yêu cầu đạo hàm cấp n với n thuộc tập số tự nhiên và thông thường với đạo hàm cấp cao thì ta bắt đầu từ n=1. Mặc dù vậy, việc xét n=0 cũng không sai và chứng minh vẫn hợp lệ.","Cho hàm số $f(x) = e^{2x}$. a) Tính đạo hàm cấp 1, cấp 2, cấp 3 của hàm số. b) Dự đoán công thức đạo hàm cấp $n$ ($f^{(n)}(x)$) của hàm số. c) Dùng phương pháp quy nạp toán học để chứng minh công thức dự đoán ở câu b."
10,10,10,10,10,"Học sinh đã trình bày đầy đủ các bước, tính toán chính xác và có nhận xét hợp lý về sai số.",Sử dụng vi phân để tính giá trị gần đúng của các biểu thức sau: a) Tính vi phân của hàm số $f(x) = \sqrt[3]{x}$ tại $x_0 = 8$. b) Áp dụng kết quả câu a để tính gần đúng $A = \sqrt[3]{8.02}$. c) So sánh giá trị gần đúng với giá trị tính bằng máy tính (làm tròn 4 chữ số thập phân) và nhận xét sai số.
10,10,10,10,10,"Bài giải rất tốt, đầy đủ và chính xác. Học sinh đã áp dụng đúng quy tắc chuỗi để tìm đạo hàm, thực hiện phép tính thay số cẩn thận và lập phương trình tiếp tuyến chuẩn xác. Không có điểm nào cần chỉnh sửa.","Cho hàm hợp $h(x) = \ln(g(x^2 + 1))$. Biết rằng $g(2) = e^3$ và $g'(2) = 4e^3$. a) Xác định công thức tính đạo hàm $h'(x)$ theo $g(x)$ và $g'(x)$. b) Tính giá trị của $h'(1)$. c) Nếu $h(1)=3$, tìm phương trình tiếp tuyến của đồ thị hàm số $y=h(x)$ tại điểm có hoành độ $x=1$."
9,9,9,9,9,"Học sinh đã giải đúng cả ba phần của bài toán. Các bước lập luận rõ ràng và chính xác. Chỉ có một điểm nhỏ cần lưu ý ở phần c) là điểm (0,0) là một điểm kỳ dị của đường cong, nơi đạo hàm không xác định rõ ràng, mặc dù học sinh đã có nhận xét. Tuy nhiên, cách xử lý và kết quả cuối cùng là chính xác.","Cho đường cong có phương trình $x^3 + y^3 - 6xy = 0$ (đường folium của Descartes). a) Sử dụng phương pháp đạo hàm ẩn, hãy tìm biểu thức của $y' = \frac{dy}{dx}$. b) Tìm hệ số góc của tiếp tuyến với đường cong tại điểm $M(3, 3)$. c) Có điểm nào trên đường cong mà tiếp tuyến song song với trục hoành không? Nếu có, hãy chỉ ra."
8,9,9,9,9,"Phần a, b đều tính đúng đạo hàm bằng phương pháp logarit. Phần c, học sinh đã áp dụng đúng công thức xấp xỉ đạo hàm tại điểm. Tuy nhiên, có một sai sót nhỏ trong công thức đạo hàm của logarit trong phần a, và phần c có sự nhầm lẫn trong biểu thức tính đạo hàm tại điểm, dẫn đến kết quả khác với đáp án chuẩn. Nên sử dụng kết quả đạo hàm chính xác ở phần a để tính ở phần c.","Sử dụng phương pháp đạo hàm logarit để tính đạo hàm của các hàm số sau: a) $y = x^{\cos x}$. b) $y = \frac{\sqrt{x+1} \cdot (x-2)^3}{(x+5)^4}$. c) Từ kết quả câu a, tính giá trị gần đúng của $( \frac{\pi}{2} )^{\cos (\frac{\pi}{2} + 0.01)}$ biết $\cos(\frac{\pi}{2} + \alpha) \approx -\alpha$ khi $\alpha$ rất nhỏ."
10,10,10,10,10,"Bài giải của học sinh hoàn toàn chính xác và đầy đủ. Các bước lập luận rõ ràng, trình bày mạch lạc, sử dụng đúng các khái niệm về đạo hàm trong chuyển động. Đáp án trùng khớp với đáp án chuẩn.","Một vật chuyển động trên một đường thẳng có phương trình quãng đường $s(t) = t^3 - 6t^2 + 9t + 5$ (trong đó $s$ tính bằng mét, $t$ tính bằng giây), với $t \ge 0$. a) Tìm các biểu thức vận tốc tức thời $v(t)$ và gia tốc tức thời $a(t)$ của vật. b) Tìm các thời điểm mà tại đó vật dừng lại (vận tốc bằng 0). c) Trong khoảng thời gian nào vật chuyển động ngược chiều dương và trong khoảng thời gian nào vật chuyển động cùng chiều dương?"
10,10,10,10,10,"Bài làm của học sinh rất tốt, các bước lập luận rõ ràng, chính xác và đầy đủ theo yêu cầu của bài toán. Các dự đoán đều đúng và lời giải chi tiết, tuân thủ đúng công thức đã học.","Cho hàm số $f(x) = x^5 + 2x - 1$. a) Chứng minh rằng $f(x)$ có hàm số ngược $f^{-1}(x)$. b) Tính $f(1)$. c) Sử dụng công thức đạo hàm của hàm ngược, hãy tính $(f^{-1})'(2)$."
10,10,10,10,10,"Bài giải rất tốt, các bước đều logic, chính xác và đầy đủ. Các phép tính đều được thực hiện đúng.",Cho hàm số $y=f(x)$ được xác định bởi phương trình tham số $\begin{cases} x(t) = t^2 - 2t \\ y(t) = t^3 + 3t \end{cases}$. a) Tính đạo hàm theo tham số $\frac{dx}{dt}$ và $\frac{dy}{dt}$. b) Tìm biểu thức của đạo hàm $\frac{dy}{dx}$ theo tham số $t$. c) Tìm các điểm trên đồ thị mà tại đó tiếp tuyến song song với đường thẳng $y = -6x + 5$.
10,10,10,10,10,"Lời giải của học sinh hoàn toàn chính xác và đầy đủ, bám sát đáp án chuẩn. Lập luận rõ ràng, trình bày mạch lạc, các bước tính toán đều chính xác.",Cho hàm số $f(x) = |x^2 - 4x + 3|$. a) Viết lại hàm số $f(x)$ dưới dạng hàm số cho bởi hai quy tắc (bỏ dấu giá trị tuyệt đối). b) Tính đạo hàm của hàm số tại $x=0$ và $x=2$. c) Xét tính khả vi của hàm số tại các điểm $x=1$ và $x=3$. Giải thích.
4,5,5,4,4,Học sinh đã hiểu được cách áp dụng công thức Leibniz nhưng mắc lỗi trong quá trình tính toán đạo hàm cấp 2 và dẫn đến sai công thức tổng quát. Mặc dù có cố gắng kiểm tra lại nhưng vẫn không tìm ra lỗi sai trong công thức. Cần chú ý hơn trong từng bước tính toán.,"Cho hàm số $f(x) = x^2 e^{-x}$. a) Tính đạo hàm cấp 1 ($f'(x)$) và đạo hàm cấp 2 ($f''(x)$). b) Áp dụng công thức Leibniz (đạo hàm cấp n của một tích), hãy tìm công thức tổng quát cho đạo hàm cấp n, $f^{(n)}(x)$. c) Kiểm tra lại công thức ở câu b) với n=2 để xem có trùng khớp với kết quả câu a) không."
3,7,7,5,5,"Lời giải đã thiết lập đúng mối quan hệ giữa x và y. Tuy nhiên, có sai sót trong tính toán tốc độ thay đổi chiều cao y và tốc độ thay đổi góc nghiêng theta. Cụ thể, ở phần b, phép tính đạo hàm và thay số dẫn đến kết quả sai. Ở phần c, cách thiết lập mối quan hệ với góc theta và phép tính đạo hàm cũng có sai sót.",Một thang dài 5 mét đang dựa vào một bức tường thẳng đứng. Chân thang được kéo ra xa khỏi tường với tốc độ không đổi là 0.4 m/s. a) Gọi $x$ là khoảng cách từ chân thang đến tường và $y$ là chiều cao đỉnh thang so với mặt đất. Thiết lập mối quan hệ giữa $x$ và $y$. b) Tìm tốc độ thay đổi của chiều cao $y$ (tức là $\frac{dy}{dt}$) tại thời điểm chân thang cách tường 3 mét. c) Tìm tốc độ thay đổi của góc nghiêng $\theta$ giữa thang và mặt đất tại thời điểm đó.
10,10,10,10,10,"Học sinh đã giải bài toán rất tốt, các bước lập luận rõ ràng, tính toán chính xác. Lời giải hoàn toàn trùng khớp với đáp án chuẩn.","Cho đường cong Astroid có phương trình tham số $\begin{cases} x = a \cos^3 t \\ y = a \sin^3 t \end{cases}$ với $t \in [0, 2\pi]$. a) Tính đạo hàm $y'(x) = \frac{dy}{dx}$. b) Viết phương trình tiếp tuyến và pháp tuyến của đường cong tại điểm ứng với $t = \frac{\pi}{4}$. c) Tìm các điểm trên đường cong mà tại đó tiếp tuyến song song với đường phân giác thứ nhất $y=x$."
10,10,10,10,10,"Bài giải của học sinh rất tốt, đầy đủ và chính xác. Học sinh đã nắm vững kỹ thuật đạo hàm logarit, cách tìm điểm tới hạn và phân tích sự tồn tại của đạo hàm tại các điểm biên.","Xét hàm số $f(x) = (x-1)^{\alpha} (x-2)^{\beta}$ với $\alpha, \beta$ là các hằng số hữu tỉ. a) Sử dụng đạo hàm logarit, tìm biểu thức của $f'(x)$. b) Cho $\alpha = 2/3$ và $\beta=1/3$. Tìm các điểm tới hạn (critical points) của hàm số trên khoảng $(1, 2)$. c) Biện luận sự tồn tại của đạo hàm tại $x=1$ và $x=2$ theo $\alpha$ và $\beta$."
10,10,10,10,10,"Học sinh đã chứng minh công thức đạo hàm cấp hai của hàm ngược một cách chính xác và áp dụng thành công vào bài toán cụ thể. Các bước lập luận rõ ràng, trình bày mạch lạc và tính toán chính xác.","Cho hàm số $f(x)$ khả vi trên $\mathbb{R}$ và có hàm ngược $f^{-1}(x)$. a) Chứng minh công thức đạo hàm cấp hai của hàm ngược: $(f^{-1})''(y) = -\frac{f''(x)}{[f'(x)]^3}$, trong đó $y=f(x)$. b) Áp dụng công thức trên cho hàm số $f(x) = x^3+x$. Tính $(f^{-1})''(2)$."
10,10,10,10,10,"Lời giải của học sinh đầy đủ, chính xác, trình bày logic và rõ ràng, bám sát yêu cầu của bài toán. Các bước lập luận đều chặt chẽ và tính toán đúng. Điểm số hoàn hảo cho bài làm này.","Cho hai họ đường cong (C1): $y^2 = 4a(x+a)$ và (C2): $y^2 = 4b(b-x)$, với $a,b$ là các tham số dương. a) Tìm tọa độ giao điểm của hai họ đường cong này. b) Tính đạo hàm $y'$ theo $x$ cho mỗi họ đường cong. c) Chứng minh rằng tại giao điểm, hai họ đường cong này trực giao với nhau (tức là tiếp tuyến của chúng tại giao điểm vuông góc với nhau)."
10,10,10,10,10,"Lời giải của học sinh hoàn toàn chính xác, lập luận chặt chẽ và trình bày rõ ràng. Các bước giải đều tuân thủ đúng định nghĩa và quy tắc tính đạo hàm, cũng như tiêu chuẩn về tính liên tục của hàm số.","Cho hàm số $f(x) = \begin{cases} x^2 \sin(\frac{1}{x}) & \text{khi } x \neq 0 \\ 0 & \text{khi } x = 0 \end{cases}$. a) Dùng định nghĩa đạo hàm tại một điểm, chứng minh rằng $f(x)$ có đạo hàm tại $x=0$ và tính $f'(0)$. b) Tính $f'(x)$ khi $x \neq 0$. c) Chứng minh rằng $f'(x)$ không liên tục tại $x=0$."
9,9,9,9,9,"Lời giải của học sinh rất tốt, đã nắm vững kiến thức về vi phân và ứng dụng để ước tính sai số. Các bước giải rõ ràng, logic. Tuy nhiên, ở phần b, thay vì ước tính trực tiếp sai số tương đối, học sinh có thể tính sai số tuyệt đối trước rồi mới tính sai số tương đối như đáp án chuẩn sẽ đầy đủ hơn. Cần ghi rõ đơn vị cho sai số tuyệt đối.",Một nhà sản xuất đo được bán kính của một viên bi thép là $r=2$ cm với sai số tối đa là $\Delta r = 0.01$ cm. a) Thể tích của viên bi được tính bằng công thức $V(r) = \frac{4}{3}\pi r^3$. Tính vi phân $dV$ của thể tích. b) Dùng vi phân để ước tính sai số tuyệt đối và sai số tương đối tối đa có thể mắc phải khi tính thể tích của viên bi. c) So sánh sai số tương đối của thể tích với sai số tương đối của bán kính và rút ra nhận xét.
10,10,10,10,10,"Bài giải của học sinh rất tốt, trình bày rõ ràng, đầy đủ các bước và lập luận chặt chẽ. Kết quả hoàn toàn chính xác và khớp với đáp án chuẩn.","Tìm các tham số $a, b, c$ để đồ thị của hàm số $f(x) = ax^3 + bx^2 + cx + d$ thỏa mãn đồng thời các điều kiện sau: a) Có một điểm uốn tại $I(1, 2)$. b) Tiếp tuyến tại điểm uốn $I$ có phương trình là $y = -3x + 5$. c) Hàm số đạt cực trị tại $x=0$."
10,10,10,10,10,"Bài giải trình bày rõ ràng, logic và chính xác ở tất cả các phần. Các bước tính toán đều đúng với yêu cầu của đề bài. Cách lập luận để tìm y(1) bằng cách nhẩm nghiệm là hợp lý trong bối cảnh bài toán.",Cho hàm số $y=f(x)$ xác định bởi phương trình $y^5 + xy - x^3 = 1$. a) Tính $y'(x)$ bằng phương pháp đạo hàm ẩn. b) Viết phương trình tiếp tuyến của đồ thị hàm số tại điểm có hoành độ $x=1$. c) Dùng vi phân cấp 1 để xấp xỉ giá trị của $y$ khi $x=1.02$.
6,7,7,7,7,Phần a) và b) của học sinh làm đúng. Phần c) học sinh đã nhận định đúng phương trình tìm cực trị nhưng chưa tìm được nghiệm chính xác và phân tích chưa đầy đủ các trường hợp. Đáp án chuẩn đã chỉ ra được các điểm cực trị tiềm năng. Học sinh cần trình bày rõ hơn các bước suy luận để tìm nghiệm hoặc chứng minh sự tồn tại của nghiệm.,"Cho hàm số $F(x) = \int_{\sin(x)}^{\cos(x)} \ln(1+t^2) dt$. a) Nêu công thức tổng quát (Định lý Leibniz) cho đạo hàm của tích phân có cận là hàm số, tức là $\frac{d}{dx} \int_{a(x)}^{b(x)} f(t) dt$. b) Áp dụng công thức trên để tìm $F'(x)$. c) Tìm các điểm cực trị của hàm số $F(x)$ trên khoảng $(0, 2\pi)$."
10,10,9,10,10,"Lời giải của học sinh đã trình bày đầy đủ các bước theo yêu cầu của đề bài. Lập luận chặt chẽ và chính xác. Tuy nhiên, phần diễn giải về tại sao điểm cực tiểu không thể ở biên $a$ hoặc $b$ có thể rõ ràng hơn một chút để đạt điểm tuyệt đối về clarity.","Chứng minh định lý Darboux: Nếu $f$ là một hàm số khả vi trên $[a, b]$, thì hàm số đạo hàm $f'(x)$ (không nhất thiết liên tục) thỏa mãn tính chất giá trị trung gian trên $[a, b]$. a) Xét hàm số $g(x) = f(x) - kx$ với $k$ là một hằng số. Tìm $g'(x)$. b) Giả sử $f'(a) < k < f'(b)$. Chứng minh rằng tồn tại một điểm cực tiểu của $g(x)$ trong khoảng $(a,b)$. c) Từ đó suy ra định lý Darboux."
10,10,10,10,10,"Học sinh đã giải bài toán một cách chính xác và đầy đủ. Lập luận rõ ràng, logic, trình bày sạch sẽ và sử dụng đúng các công cụ toán học cần thiết. Các bước tính toán đều chính xác. Đáp án cuối cùng trùng khớp với đáp án chuẩn.","Cho hàm $f(x)$ khả vi vô hạn lần thỏa mãn phương trình hàm $f(x+y) = f(x) + f(y) + 2xy$ với mọi $x,y \in \mathbb{R}$. a) Tính $f(0)$. b) Giữ $x$ cố định và lấy đạo hàm theo $y$, sau đó đặt $y=0$ để tìm mối quan hệ giữa $f'(x)$ và $f'(0)$. c) Từ kết quả câu b, hãy tìm dạng tổng quát của hàm số $f(x)$."
10,10,10,10,10,"Bài giải của học sinh rất tốt, đầy đủ các bước lập luận và chứng minh theo đúng yêu cầu của đề bài. Cách trình bày rõ ràng, mạch lạc, áp dụng đúng Định lý Rolle một cách logic. Các phần a, b, c đều được giải quyết triệt để và chính xác.","Cho $f(x)$ là một đa thức bậc $n$ có $n$ nghiệm thực phân biệt $x_1 < x_2 < \dots < x_n$. a) Áp dụng định lý Rolle cho $f(x)$ trên mỗi khoảng $[x_i, x_{i+1}]$, hãy cho biết $f'(x)$ có bao nhiêu nghiệm thực? b) Tương tự, hãy cho biết $f''(x)$ và đạo hàm cấp $k$ ($f^{(k)}(x)$ với $k < n$) có bao nhiêu nghiệm thực? c) Chứng minh rằng tất cả các nghiệm của $f'(x), f''(x), \dots, f^{(n-1)}(x)$ đều là nghiệm thực và đơn."
6,7,7,7,7,Phần a) của học sinh đã chứng minh đúng nhưng cách lập luận có thể chi tiết hơn bằng cách sử dụng định nghĩa $o(h)$. Phần b) tính toán sai kết quả đạo hàm đối xứng của $|x|$ tại $x=0$. Phần c) giải thích đúng bản chất của vấn đề dựa trên kết quả sai ở phần b.,Ta định nghĩa đạo hàm đối xứng Schwarz tại điểm $x$ là: $f_s'(x) = \lim_{h \to 0} \frac{f(x+h) - f(x-h)}{2h}$. a) Chứng minh rằng nếu đạo hàm thông thường $f'(x)$ tồn tại thì đạo hàm đối xứng $f_s'(x)$ cũng tồn tại và bằng $f'(x)$. b) Xét hàm số $f(x) = |x|$. Tính đạo hàm đối xứng $f_s'(0)$. c) Kết quả ở câu b có mâu thuẫn với việc hàm $|x|$ không khả vi tại $x=0$ không? Giải thích.
10,10,10,10,10,"Bài làm của học sinh hoàn toàn chính xác, các bước lập luận rõ ràng, trình bày sạch sẽ và đầy đủ. Các công thức đạo hàm và tính toán đều đúng.","Một vật chuyển động trong mặt phẳng Oxy có tọa độ tại thời điểm $t$ cho bởi $x(t) = e^t \cos(t)$ và $y(t) = e^t \sin(t)$ (đường xoắn ốc logarit). a) Tìm các thành phần vận tốc $v_x = x'(t)$, $v_y = y'(t)$ và tốc độ của vật $v = \sqrt{v_x^2 + v_y^2}$. b) Tìm các thành phần gia tốc $a_x = x''(t)$, $a_y = y''(t)$. c) Chứng minh rằng góc giữa vector vị trí $\vec{r}=(x(t), y(t))$ và vector vận tốc $\vec{v}=(v_x, v_y)$ là một hằng số. (Gợi ý: Dùng tích vô hướng)."
9,9,9,9,9,"Lời giải của học sinh đã thực hiện tốt phần a và b, bao gồm cả việc tìm công thức truy hồi cho đa thức $P_n(x)$. Phần c (nâng cao) đã có những gợi ý về cách tiếp cận nhưng chưa đi đến kết quả cuối cùng một cách chi tiết. Điểm số cao phản ánh sự hiểu biết và khả năng giải quyết phần lớn bài toán. Cần chú ý hoàn thiện các bước chứng minh trong phần nâng cao.","Cho hàm số $f(x) = \frac{1}{1+x^2}$. a) Tìm đạo hàm cấp 1 và cấp 2 của $f(x)$. b) Bằng quy nạp, chứng minh rằng đạo hàm cấp n của $f(x)$ có thể được biểu diễn dưới dạng $f^{(n)}(x) = \frac{P_n(x)}{(1+x^2)^{n+1}}$, trong đó $P_n(x)$ là một đa thức. Tìm công thức truy hồi cho $P_{n+1}(x)$ theo $P_n(x)$ và $P_n'(x)$. c) (Nâng cao) Bằng cách đặt $x=\cot(\theta)$, chứng minh rằng $f^{(n)}(x) = (-1)^n n! (1+x^2)^{-(n+1)/2} \sin((n+1)\arctan(x))$."
10,10,10,10,10,"Học sinh đã giải đúng tất cả các phần của bài toán. Lập luận chặt chẽ, trình bày rõ ràng, chính xác về mặt toán học.","Tìm tất cả các hàm số $f(x)$ khả vi trên $\mathbb{R}$ sao cho tiếp tuyến của đồ thị tại bất kỳ điểm $(x_0, f(x_0))$ nào cũng đi qua điểm $(x_0-1, 0)$. a) Viết phương trình tiếp tuyến của đồ thị hàm số $y=f(x)$ tại điểm $(x_0, f(x_0))$. b) Sử dụng điều kiện đề bài, thiết lập một phương trình vi phân cho $f(x)$. c) Giải phương trình vi phân đó để tìm dạng tổng quát của $f(x)$."
9,8,8,9,8,"Lời giải đã thực hiện đúng các bước tính toán và chứng minh cho phần a và c. Phần b, học sinh đã có ý tưởng đúng khi nghĩ đến định lý Rolle nhưng gặp khó khăn trong việc áp dụng trực tiếp. Tuy nhiên, phần sửa lỗi và đưa ra hướng giải quyết đúng đắn bằng cách xét hàm $p(x) = f(x)g(x)$ là rất tốt. Chỉ có một điểm trừ nhỏ là ở phần b, cách lập luận ""Nếu $h(x)$ không đổi dấu trên một khoảng nào đó thì ta có $h(c)=0$ (vì $h$ liên tục)."" chưa thật sự rõ ràng và cần làm rõ hơn mối liên hệ với điều kiện xen kẽ không điểm. Tuy nhiên, cách tiếp cận sau đó đã khắc phục được điểm này.","Cho hai hàm số $f(x)$ và $g(x)$ khả vi đến cấp 2 trên $[a, b]$. Định nghĩa hàm $h(x) = f(x)g'(x) - f'(x)g(x)$ (biểu thức này liên quan đến định thức Wronski). a) Tính đạo hàm $h'(x)$. b) Giả sử $f(x)$ và $g(x)$ có các không điểm xen kẽ nhau trên $(a,b)$. Cụ thể, giữa hai không điểm liên tiếp bất kỳ của $f(x)$ có đúng một không điểm của $g(x)$, và ngược lại. Chứng minh rằng nếu $f(a)=f(b)=0$ thì tồn tại $c \in (a, b)$ sao cho $h(c)=0$. c) (Khó) Chứng minh rằng nếu $f(x)$ và $g(x)$ là hai nghiệm độc lập tuyến tính của phương trình vi phân $y''+q(x)y=0$ thì $h(x)$ là một hằng số khác không."
4,5,6,4,5,"Phần a) lập luận đúng. Phần b) cách so sánh chưa chính xác, dẫn đến kết quả chặn không đúng với yêu cầu bài toán. Phần c) lập luận đúng dựa trên kết quả của phần a và b.","Cho hàm số $f(x)$ thỏa mãn $f(1)=1$ và $f'(x) = \frac{1}{x^2+f^2(x)}$ với $x \ge 1$. a) Chứng minh rằng $f(x)$ là hàm đồng biến. b) Bằng cách so sánh với một hàm thích hợp, chứng tỏ rằng $f(x) < 1 + \frac{\pi}{4}$ với mọi $x > 1$. c) Chứng minh rằng giới hạn $\lim_{x \to \infty} f(x)$ tồn tại và hữu hạn."
10,10,10,10,10,"Lời giải của học sinh rất tốt, đầy đủ và chính xác. Học sinh đã kiểm tra đầy đủ các điều kiện của Định lý Rolle, tìm được giá trị c và giải thích rõ ràng không có mâu thuẫn với định lý. Cách trình bày logic và dễ hiểu.","Xét hàm số $f(x) = x^2 - 6x + 10$. a) Hãy kiểm tra các điều kiện của Định lý Rolle trên đoạn $[1, 5]$. b) Nếu các điều kiện không thỏa mãn, hãy giải thích điều kiện nào không thỏa mãn. c) Có thể tìm được điểm $c \in (1, 5)$ sao cho $f'(c) = 0$ không? Kết quả này có mâu thuẫn với Định lý Rolle không?"
10,10,10,10,10,"Lời giải của học sinh hoàn toàn chính xác và đầy đủ, tuân thủ đúng các bước tính toán và lập luận theo yêu cầu của bài toán. Cách trình bày rõ ràng, mạch lạc, thể hiện sự hiểu biết sâu sắc về khái niệm vận tốc trung bình, vận tốc tức thời và Định lý Giá trị Trung bình (Lagrange).","Một chiếc xe di chuyển trên một con đường thẳng. Vị trí của nó tại thời điểm $t$ (giờ) được cho bởi hàm số $s(t) = 80t^2$ (km), với $t \in [0, 2]$. a) Tính vận tốc trung bình của xe trong khoảng thời gian từ $t=0$ đến $t=2$. b) Hãy phát biểu Định lý Giá trị Trung bình (Lagrange) cho hàm số $s(t)$ trên đoạn $[0, 2]$. c) Dựa vào định lý, có một thời điểm nào mà vận tốc tức thời của xe bằng đúng vận tốc trung bình không? Nếu có, hãy tìm thời điểm đó."
10,10,10,10,10,"Lời giải của học sinh hoàn toàn chính xác và đầy đủ các bước theo yêu cầu của đề bài. Học sinh đã xác định đúng dạng vô định, áp dụng đúng quy tắc L'Hôpital và tính toán kết quả chính xác.",Sử dụng quy tắc L'Hôpital để tính giới hạn sau: $L = \lim_{x \to 1} \frac{x^3 - 1}{x^2 - 1}$. a) Hãy xác định dạng vô định của giới hạn. b) Áp dụng quy tắc L'Hôpital một lần. c) Tính giá trị của giới hạn.
10,10,10,10,10,"Lời giải của học sinh hoàn toàn chính xác và đầy đủ, tuân thủ các bước giải của bài toán. Cách trình bày rõ ràng, dễ hiểu.","Cho hàm số $f(x) = \ln(1+x)$. a) Tìm các đạo hàm $f'(x), f''(x)$ tại $x=0$. b) Viết khai triển Maclaurin (Taylor tại $x=0$) của hàm số đến bậc 2. c) Sử dụng khai triển vừa tìm được để tính giá trị xấp xỉ của $\ln(1.1)$."
10,10,10,10,10,"Học sinh đã áp dụng đúng Định lý Giá trị Trung bình để chứng minh bất đẳng thức. Các bước lập luận rõ ràng, logic và chính xác. Cách trình bày mạch lạc, dễ hiểu.","Sử dụng Định lý Giá trị Trung bình (Lagrange), hãy chứng minh bất đẳng thức $e^x \ge 1+x$ với mọi $x \ge 0$. a) Xét hàm số $f(t) = e^t$ trên đoạn $[0, x]$ với $x>0$. Áp dụng định lý Lagrange cho hàm số này. b) Dựa vào kết quả thu được, hãy suy ra bất đẳng thức. c) Kiểm tra trường hợp $x=0$."
10,10,10,10,10,"Học sinh đã thực hiện đúng và đầy đủ các bước của bài toán. Lập luận logic, rõ ràng, tính toán chính xác. Cách trình bày dễ hiểu, tuân thủ đúng yêu cầu của đề bài.","Tìm hằng số $a$ để giới hạn sau đây tồn tại hữu hạn và khác 0, sau đó tìm giới hạn đó: $L = \lim_{x \to 0} \frac{e^{ax} - \cos(x) - 2x}{x^2}$. a) Thay $x=0$ để xác định dạng vô định. b) Sử dụng khai triển Maclaurin cho $e^{ax}$ và $\cos(x)$ đến bậc 2 để viết lại biểu thức. c) Tìm $a$ để triệt tiêu số hạng bậc 1 ở tử số và tính giới hạn."
10,10,10,10,10,"Lời giải của học sinh rất đầy đủ, chính xác và mạch lạc. Các bước phân tích và lập luận đều logic, bám sát yêu cầu của bài toán và kiến thức về tính liên tục, khả vi và Định lý Rolle. Việc chỉ ra rõ ràng các điều kiện của Định lý Rolle và tại sao hàm số không thỏa mãn là điểm cộng lớn.","Cho hàm số $f(x) = |x-2|$. a) Hàm số này có liên tục trên đoạn $[0, 4]$ không? b) Hàm số này có khả vi trên khoảng $(0, 4)$ không? c) Có thể áp dụng Định lý Rolle cho hàm số này trên đoạn $[0, 4]$ không, mặc dù $f(0)=2$ và $f(4)=2$? Giải thích."
10,10,10,10,10,"Bài giải của học sinh rất tốt, đầy đủ các bước và chính xác. Học sinh đã xác định đúng dạng vô định, biến đổi biểu thức về dạng phù hợp và áp dụng quy tắc L'Hôpital một cách chính xác để tìm ra kết quả cuối cùng. Cách trình bày rõ ràng, dễ hiểu.",Sử dụng quy tắc L'Hôpital để xử lý dạng vô định $0 \cdot \infty$. Tính giới hạn $L = \lim_{x \to 0^+} x \ln(x)$. a) Xác định dạng vô định. b) Biến đổi biểu thức về dạng $\frac{0}{0}$ hoặc $\frac{\infty}{\infty}$. c) Áp dụng quy tắc L'Hôpital và tính giới hạn.
10,10,10,10,10,"Lời giải của học sinh hoàn toàn chính xác và tuân thủ đúng quy trình tìm điểm cực trị của hàm số. Các bước được trình bày rõ ràng, logic và sử dụng đúng các công cụ toán học cần thiết (đạo hàm cấp một, đạo hàm cấp hai). ",Tìm tất cả các điểm cực trị của hàm số $f(x) = x^3 - 3x^2 + 5$. a) Tìm đạo hàm $f'(x)$. b) Tìm các điểm tới hạn (critical points) bằng cách giải phương trình $f'(x)=0$. c) Sử dụng dấu của đạo hàm cấp hai $f''(x)$ tại các điểm tới hạn để phân loại chúng (cực đại hay cực tiểu).
10,10,10,10,10,"Lời giải của học sinh rất đầy đủ, chính xác và logic. Học sinh đã thực hiện đúng các bước theo yêu cầu của bài toán, từ kiểm tra điều kiện định lý, tính toán giá trị c và giải thích ý nghĩa hình học. Cách trình bày rõ ràng, dễ hiểu.","Cho hàm số $f(x) = \sqrt{x}$. a) Kiểm tra các điều kiện của Định lý Giá trị Trung bình (Lagrange) trên đoạn $[25, 36]$. b) Tìm giá trị $c \in (25, 36)$ thỏa mãn kết luận của định lý. c) Nêu ý nghĩa hình học của kết quả tìm được."
8,8,8,8,8,"Học sinh đã phát biểu đúng Định lý Giá trị Trung bình Cauchy. Tuy nhiên, ở phần b, học sinh đã có một chút sai sót trong việc áp dụng công thức $\frac{\sin c}{1 - \cos c} = \tan\left(\frac{c}{2}\right)$ (đáng lẽ phải là $\cot\left(\frac{c}{2}\right)$). Phần c đã nêu đúng ý nghĩa hình học.","Xét hai hàm số $f(t) = 1 - \cos(t)$ và $g(t) = t - \sin(t)$. a) Phát biểu Định lý Giá trị Trung bình Cauchy cho hai hàm số $f, g$ trên đoạn $[a, b]$. b) Áp dụng định lý này trên đoạn $[0, \frac{\pi}{2}]$ để tìm một số $c$ thỏa mãn kết luận của định lý. c) Nêu ý nghĩa hình học của kết quả đối với đường cong tham số $x=g(t), y=f(t)$."
4,5,6,5,5,"Học sinh đã hiểu ý tưởng áp dụng quy tắc L'Hôpital nhiều lần. Tuy nhiên, có sự nhầm lẫn trong việc xác định điều kiện để giới hạn là hữu hạn khác không và áp dụng sai trong các bước. Cụ thể, học sinh đã nhầm lẫn giữa việc tử số phải bằng 0 để áp dụng L'Hôpital lần tiếp theo với điều kiện giới hạn cuối cùng là hữu hạn khác không. Cuối cùng, học sinh đã đưa ra một đáp án đúng cho các tham số và giới hạn, nhưng lại đi kèm với các bước lập luận sai và thiếu chặt chẽ.","Tìm các hằng số $a, b$ để giới hạn sau là một số hữu hạn khác không, và tìm giới hạn đó: $L = \lim_{x \to 0} \frac{a e^x - b \cos(2x) - 3x}{x^2}$. a) Xác định dạng vô định và điều kiện cần ở tử số để có thể áp dụng L'Hôpital. b) Áp dụng L'Hôpital lần thứ nhất và tìm một phương trình liên hệ giữa $a$ và $b$. c) Áp dụng L'Hôpital lần thứ hai, tìm giá trị của $a, b$ và giới hạn $L$."
10,10,10,10,10,"Bài làm của học sinh rất tốt, đầy đủ và chính xác, bám sát yêu cầu của đề bài. Các bước lập luận rõ ràng, các phép tính toán chính xác, và cách ước lượng sai số cũng rất hợp lý.",Sử dụng Định lý Taylor với phần dư dạng Lagrange để ước lượng sai số. a) Viết khai triển Maclaurin bậc 3 của hàm số $f(x) = \sin(x)$. b) Dùng đa thức vừa tìm được để xấp xỉ giá trị của $\sin(0.5)$. c) Hãy tìm một chặn trên cho sai số của phép xấp xỉ này bằng cách sử dụng phần dư Lagrange $R_3(x) = \frac{f^{(4)}(c)}{4!}x^4$.
10,10,10,10,10,"Học sinh đã thực hiện đầy đủ các bước theo yêu cầu của đề bài. Lập luận logic, chính xác, bám sát các định lý được yêu cầu sử dụng. Cách trình bày rõ ràng, dễ hiểu. Tất cả các phần a, b, c đều được giải quyết đúng và đầy đủ.","Chứng minh phương trình $x^5 + 10x - 6 = 0$ có đúng một nghiệm thực. a) Sử dụng Định lý Giá trị Trung gian để chứng minh phương trình có ít nhất một nghiệm thực. b) Giả sử phương trình có hai nghiệm thực phân biệt $x_1, x_2$. Áp dụng Định lý Rolle cho hàm số $f(x) = x^5 + 10x - 6$ trên đoạn $[x_1, x_2]$ để dẫn đến một điều vô lý. c) Kết hợp kết quả câu a và b để đưa ra kết luận cuối cùng."
10,10,10,10,10,"Lời giải của học sinh hoàn toàn chính xác và đầy đủ, trình bày rõ ràng theo từng bước của bài toán. Cách phân tích hình dạng, thiết lập phương trình chu vi và diện tích đều đúng. Việc sử dụng đạo hàm để tìm giá trị cực đại cũng rất chính xác.","Một cửa sổ dạng Norman có hình dạng là một hình chữ nhật bên dưới và một nửa hình tròn bên trên. Biết chu vi của cửa sổ là 10 mét. a) Gọi $x$ là một nửa chiều rộng của hình chữ nhật và $y$ là chiều cao của nó. Thiết lập phương trình biểu diễn chu vi. b) Biểu diễn diện tích $A$ của cửa sổ như một hàm theo biến $x$. c) Tìm kích thước $x, y$ để diện tích cửa sổ là lớn nhất."
10,10,10,10,10,"Lời giải của học sinh rất tốt, đầy đủ, logic và chính xác. Học sinh đã nắm vững Định lý Lagrange và cách áp dụng để chứng minh bất đẳng thức. Cách trình bày rõ ràng, từng bước mạch lạc. Không có điểm nào cần cải thiện.","Sử dụng Định lý Giá trị Trung bình, chứng minh bất đẳng thức $|\sin(a) - \sin(b)| \le |a-b|$ với mọi $a, b \in \mathbb{R}$. a) Phát biểu Định lý Lagrange cho hàm số $f(x)=\sin(x)$ trên đoạn $[a, b]$ (giả sử $a<b$). b) Từ kết luận của định lý, hãy suy ra đẳng thức $|\frac{\sin(b) - \sin(a)}{b-a}| = |\cos(c)|$. c) Hoàn thành chứng minh bằng cách sử dụng tính chất của hàm cosin."
9,9,9,9,9,Bài giải chi tiết và đúng đắn. Có một chút sai sót nhỏ trong việc tính giá trị cực tiểu và cực đại của hàm số ở kết luận.,"Tìm các khoảng đồng biến, nghịch biến, và các điểm cực trị của hàm số $f(x) = x \sqrt{4-x^2}$. a) Tìm tập xác định của hàm số. b) Tính đạo hàm $f'(x)$ và tìm các điểm tới hạn. c) Lập bảng biến thiên và kết luận."
10,10,10,10,10,"Bài giải chi tiết, đầy đủ các bước và sử dụng đúng phương pháp. Việc xác định dạng vô định, áp dụng quy tắc L'Hôpital và tính toán đều chính xác.",Tìm giới hạn $L = \lim_{x \to 0^+} (\cot x)^{1/\ln x}$. a) Xác định dạng vô định của giới hạn. b) Sử dụng phương pháp logarit hóa: đặt $y = (\cot x)^{1/\ln x}$ và tính $\lim_{x \to 0^+} \ln y$. c) Tìm giới hạn $L$ từ kết quả của $\lim \ln y$.
10,9,8,9,9,"Bài làm của học sinh đã đạt được kết quả chính xác cho tất cả các phần. Lập luận cho phần b) có hơi khác một chút nhưng vẫn đúng. Tuy nhiên, phần trình bày của học sinh có thể rõ ràng hơn bằng cách giải thích các bước như trong đáp án chuẩn, đặc biệt là cách tính sec^2(theta). Phần c) đã giải thích đúng xu hướng thay đổi của tốc độ.",Một người quan sát đứng trên mặt đất cách tòa nhà 30 mét và nhìn lên đỉnh của tòa nhà. Một khinh khí cầu đang bay lên thẳng đứng từ đỉnh tòa nhà với vận tốc không đổi 5 m/s. a) Gọi $h$ là chiều cao của khinh khí cầu so với đỉnh tòa nhà và $\theta$ là góc nhìn từ người quan sát tới khinh khí cầu (so với phương ngang qua đỉnh tòa nhà). Thiết lập mối quan hệ giữa $h$ và $\theta$. b) Tìm tốc độ thay đổi của góc nhìn ($\frac{d\theta}{dt}$) tại thời điểm khinh khí cầu ở độ cao 40 mét so với đỉnh tòa nhà. c) Tốc độ $\frac{d\theta}{dt}$ thay đổi như thế nào khi khinh khí cầu bay cao hơn?
10,10,10,10,10,"Lời giải của học sinh hoàn toàn chính xác và đầy đủ. Các bước lập luận rõ ràng, logic, tính toán chính xác. Trình bày sạch sẽ, dễ hiểu.","Cho hàm số $f(x)=x^3-ax$. a) Tìm tất cả các giá trị của tham số $a$ để hàm số có hai điểm cực trị. b) Với điều kiện của $a$ tìm được ở câu a, gọi $x_1, x_2$ là hoành độ hai điểm cực trị. Viết phương trình đường thẳng đi qua hai điểm cực trị này. c) Tìm $a$ sao cho đường thẳng đi qua hai điểm cực trị song song với đường thẳng $y = -2x+1$."
10,10,10,10,10,"Bài làm của học sinh rất tốt, đã thực hiện đầy đủ các bước và cho ra kết quả hoàn toàn chính xác. Cách trình bày rõ ràng, dễ hiểu.",Tính tích phân của một đa thức chứa cả luỹ thừa phân số và luỹ thừa âm: $I = \int (2x^3 - \frac{1}{x^2} + 4\sqrt{x}) dx$. a) Viết lại hàm số dưới dấu tích phân sử dụng luỹ thừa thay cho phân số và căn thức. b) Áp dụng tính chất tuyến tính của tích phân để tách thành các tích phân đơn giản hơn. c) Tìm nguyên hàm của từng phần và kết hợp lại để có kết quả cuối cùng.
